msisdn,gender,age
subscribers_00000,FEMALE,25
subscribers_00001,FEMALE,18
subscribers_00002,FEMALE,45
subscribers_00003,MALE,49
subscribers_00004,FEMALE,79
subscribers_00005,MALE,55
subscribers_00006,MALE,76
subscribers_00007,FEMALE,75
subscribers_00008,MALE,44
subscribers_00009,MALE,59
subscribers_00010,FEMALE,21
subscribers_00011,FEMALE,20
subscribers_00012,MALE,32
subscribers_00013,MALE,28
subscribers_00014,MALE,56
subscribers_00015,FEMALE,51
subscribers_00016,MALE,33
subscribers_00017,MALE,63
subscribers_00018,MALE,44
subscribers_00019,FEMALE,25
subscribers_00020,FEMALE,35
subscribers_00021,FEMALE,44
subscribers_00022,MALE,16
subscribers_00023,FEMALE,35
subscribers_00024,MALE,28
subscribers_00025,MALE,44
subscribers_00026,FEMALE,20
subscribers_00027,FEMALE,32
subscribers_00028,MALE,56
subscribers_00029,MALE,45
subscribers_00030,MALE,83
subscribers_00031,MALE,24
subscribers_00032,FEMALE,73
subscribers_00033,FEMALE,37
subscribers_00034,MALE,35
subscribers_00035,MALE,74
subscribers_00036,FEMALE,51
subscribers_00037,FEMALE,75
subscribers_00038,FEMALE,54
subscribers_00039,FEMALE,45
subscribers_00040,FEMALE,40
subscribers_00041,MALE,18
subscribers_00042,MALE,73
subscribers_00043,FEMALE,25
subscribers_00044,FEMALE,28
subscribers_00045,MALE,78
subscribers_00046,FEMALE,28
subscribers_00047,MALE,52
subscribers_00048,MALE,73
subscribers_00049,MALE,76
subscribers_00050,MALE,76
subscribers_00051,FEMALE,18
subscribers_00052,MALE,35
subscribers_00053,FEMALE,41
subscribers_00054,MALE,69
subscribers_00055,MALE,68
subscribers_00056,FEMALE,25
subscribers_00057,FEMALE,22
subscribers_00058,FEMALE,70
subscribers_00059,MALE,45
subscribers_00060,MALE,84
subscribers_00061,FEMALE,63
subscribers_00062,MALE,69
subscribers_00063,FEMALE,28
subscribers_00064,MALE,69
subscribers_00065,MALE,46
subscribers_00066,FEMALE,66
subscribers_00067,FEMALE,84
subscribers_00068,MALE,56
subscribers_00069,MALE,16
subscribers_00070,FEMALE,37
subscribers_00071,FEMALE,42
subscribers_00072,FEMALE,33
subscribers_00073,FEMALE,21
subscribers_00074,FEMALE,24
subscribers_00075,MALE,49
subscribers_00076,FEMALE,23
subscribers_00077,FEMALE,47
subscribers_00078,FEMALE,23
subscribers_00079,FEMALE,83
subscribers_00080,FEMALE,77
subscribers_00081,FEMALE,41
subscribers_00082,MALE,25
subscribers_00083,MALE,28
subscribers_00084,MALE,60
subscribers_00085,MALE,38
subscribers_00086,FEMALE,83
subscribers_00087,MALE,70
subscribers_00088,MALE,82
subscribers_00089,FEMALE,63
subscribers_00090,MALE,28
subscribers_00091,MALE,64
subscribers_00092,MALE,61
subscribers_00093,MALE,22
subscribers_00094,MALE,31
subscribers_00095,MALE,70
subscribers_00096,FEMALE,22
subscribers_00097,FEMALE,66
subscribers_00098,MALE,73
subscribers_00099,MALE,17
subscribers_00100,FEMALE,62
subscribers_00101,MALE,31
subscribers_00102,FEMALE,45
subscribers_00103,FEMALE,16
subscribers_00104,FEMALE,58
subscribers_00105,FEMALE,58
subscribers_00106,FEMALE,81
subscribers_00107,MALE,73
subscribers_00108,MALE,57
subscribers_00109,FEMALE,27
subscribers_00110,FEMALE,41
subscribers_00111,FEMALE,58
subscribers_00112,MALE,70
subscribers_00113,FEMALE,30
subscribers_00114,FEMALE,67
subscribers_00115,MALE,81
subscribers_00116,FEMALE,48
subscribers_00117,FEMALE,57
subscribers_00118,FEMALE,40
subscribers_00119,FEMALE,70
subscribers_00120,FEMALE,81
subscribers_00121,MALE,75
subscribers_00122,FEMALE,44
subscribers_00123,MALE,34
subscribers_00124,FEMALE,17
subscribers_00125,MALE,41
subscribers_00126,FEMALE,42
subscribers_00127,MALE,56
subscribers_00128,MALE,26
subscribers_00129,MALE,81
subscribers_00130,MALE,83
subscribers_00131,MALE,33
subscribers_00132,FEMALE,66
subscribers_00133,MALE,22
subscribers_00134,MALE,30
subscribers_00135,FEMALE,32
subscribers_00136,MALE,19
subscribers_00137,MALE,27
subscribers_00138,MALE,36
subscribers_00139,FEMALE,16
subscribers_00140,MALE,81
subscribers_00141,MALE,24
subscribers_00142,FEMALE,48
subscribers_00143,MALE,62
subscribers_00144,FEMALE,24
subscribers_00145,FEMALE,19
subscribers_00146,MALE,19
subscribers_00147,FEMALE,39
subscribers_00148,FEMALE,20
subscribers_00149,FEMALE,37
subscribers_00150,MALE,25
subscribers_00151,FEMALE,62
subscribers_00152,MALE,25
subscribers_00153,FEMALE,45
subscribers_00154,MALE,60
subscribers_00155,MALE,42
subscribers_00156,FEMALE,53
subscribers_00157,MALE,67
subscribers_00158,FEMALE,41
subscribers_00159,FEMALE,81
subscribers_00160,FEMALE,65
subscribers_00161,MALE,30
subscribers_00162,MALE,42
subscribers_00163,MALE,52
subscribers_00164,MALE,79
subscribers_00165,MALE,30
subscribers_00166,MALE,27
subscribers_00167,MALE,73
subscribers_00168,MALE,82
subscribers_00169,FEMALE,38
subscribers_00170,MALE,51
subscribers_00171,MALE,60
subscribers_00172,FEMALE,59
subscribers_00173,MALE,48
subscribers_00174,MALE,30
subscribers_00175,MALE,63
subscribers_00176,FEMALE,17
subscribers_00177,MALE,30
subscribers_00178,FEMALE,69
subscribers_00179,FEMALE,45
subscribers_00180,FEMALE,20
subscribers_00181,FEMALE,74
subscribers_00182,FEMALE,37
subscribers_00183,MALE,37
subscribers_00184,MALE,30
subscribers_00185,FEMALE,77
subscribers_00186,MALE,53
subscribers_00187,FEMALE,60
subscribers_00188,MALE,26
subscribers_00189,FEMALE,37
subscribers_00190,MALE,26
subscribers_00191,FEMALE,17
subscribers_00192,MALE,49
subscribers_00193,FEMALE,58
subscribers_00194,MALE,20
subscribers_00195,MALE,44
subscribers_00196,FEMALE,47
subscribers_00197,MALE,56
subscribers_00198,FEMALE,61
subscribers_00199,FEMALE,31
subscribers_00200,MALE,76
subscribers_00201,MALE,54
subscribers_00202,FEMALE,41
subscribers_00203,FEMALE,33
subscribers_00204,FEMALE,29
subscribers_00205,MALE,35
subscribers_00206,FEMALE,64
subscribers_00207,FEMALE,84
subscribers_00208,FEMALE,18
subscribers_00209,FEMALE,72
subscribers_00210,MALE,36
subscribers_00211,MALE,21
subscribers_00212,MALE,35
subscribers_00213,MALE,48
subscribers_00214,FEMALE,23
subscribers_00215,MALE,66
subscribers_00216,FEMALE,78
subscribers_00217,FEMALE,43
subscribers_00218,FEMALE,66
subscribers_00219,MALE,16
subscribers_00220,FEMALE,57
subscribers_00221,MALE,20
subscribers_00222,MALE,48
subscribers_00223,MALE,24
subscribers_00224,FEMALE,59
subscribers_00225,MALE,46
subscribers_00226,FEMALE,53
subscribers_00227,MALE,53
subscribers_00228,FEMALE,80
subscribers_00229,FEMALE,35
subscribers_00230,MALE,57
subscribers_00231,MALE,26
subscribers_00232,FEMALE,27
subscribers_00233,MALE,73
subscribers_00234,MALE,76
subscribers_00235,MALE,45
subscribers_00236,MALE,26
subscribers_00237,MALE,25
subscribers_00238,FEMALE,48
subscribers_00239,MALE,60
subscribers_00240,FEMALE,24
subscribers_00241,MALE,26
subscribers_00242,FEMALE,35
subscribers_00243,FEMALE,65
subscribers_00244,FEMALE,67
subscribers_00245,FEMALE,51
subscribers_00246,MALE,65
subscribers_00247,MALE,73
subscribers_00248,FEMALE,79
subscribers_00249,FEMALE,40
subscribers_00250,FEMALE,63
subscribers_00251,FEMALE,47
subscribers_00252,MALE,46
subscribers_00253,FEMALE,33
subscribers_00254,MALE,70
subscribers_00255,MALE,47
subscribers_00256,MALE,62
subscribers_00257,FEMALE,64
subscribers_00258,MALE,41
subscribers_00259,MALE,81
subscribers_00260,MALE,53
subscribers_00261,FEMALE,81
subscribers_00262,FEMALE,80
subscribers_00263,FEMALE,59
subscribers_00264,MALE,30
subscribers_00265,MALE,52
subscribers_00266,MALE,23
subscribers_00267,MALE,45
subscribers_00268,FEMALE,37
subscribers_00269,MALE,35
subscribers_00270,FEMALE,81
subscribers_00271,MALE,71
subscribers_00272,FEMALE,21
subscribers_00273,MALE,41
subscribers_00274,FEMALE,38
subscribers_00275,MALE,47
subscribers_00276,FEMALE,69
subscribers_00277,MALE,44
subscribers_00278,MALE,62
subscribers_00279,MALE,85
subscribers_00280,FEMALE,78
subscribers_00281,MALE,21
subscribers_00282,FEMALE,20
subscribers_00283,MALE,40
subscribers_00284,FEMALE,84
subscribers_00285,FEMALE,30
subscribers_00286,FEMALE,26
subscribers_00287,MALE,80
subscribers_00288,MALE,78
subscribers_00289,MALE,37
subscribers_00290,FEMALE,51
subscribers_00291,MALE,67
subscribers_00292,FEMALE,33
subscribers_00293,MALE,67
subscribers_00294,FEMALE,27
subscribers_00295,MALE,67
subscribers_00296,FEMALE,30
subscribers_00297,MALE,17
subscribers_00298,MALE,18
subscribers_00299,MALE,33
subscribers_00300,FEMALE,47
subscribers_00301,MALE,56
subscribers_00302,MALE,54
subscribers_00303,FEMALE,62
subscribers_00304,FEMALE,16
subscribers_00305,FEMALE,22
subscribers_00306,MALE,60
subscribers_00307,FEMALE,42
subscribers_00308,FEMALE,31
subscribers_00309,FEMALE,61
subscribers_00310,FEMALE,43
subscribers_00311,MALE,42
subscribers_00312,MALE,53
subscribers_00313,MALE,71
subscribers_00314,MALE,36
subscribers_00315,FEMALE,76
subscribers_00316,FEMALE,65
subscribers_00317,FEMALE,19
subscribers_00318,FEMALE,74
subscribers_00319,FEMALE,29
subscribers_00320,FEMALE,76
subscribers_00321,FEMALE,35
subscribers_00322,FEMALE,27
subscribers_00323,FEMALE,44
subscribers_00324,FEMALE,64
subscribers_00325,MALE,63
subscribers_00326,MALE,31
subscribers_00327,FEMALE,56
subscribers_00328,MALE,37
subscribers_00329,MALE,60
subscribers_00330,FEMALE,63
subscribers_00331,MALE,21
subscribers_00332,MALE,74
subscribers_00333,FEMALE,47
subscribers_00334,FEMALE,59
subscribers_00335,FEMALE,66
subscribers_00336,FEMALE,70
subscribers_00337,MALE,83
subscribers_00338,FEMALE,45
subscribers_00339,MALE,29
subscribers_00340,FEMALE,58
subscribers_00341,MALE,39
subscribers_00342,FEMALE,61
subscribers_00343,MALE,73
subscribers_00344,FEMALE,35
subscribers_00345,MALE,42
subscribers_00346,MALE,62
subscribers_00347,FEMALE,41
subscribers_00348,MALE,80
subscribers_00349,FEMALE,20
subscribers_00350,FEMALE,54
subscribers_00351,MALE,84
subscribers_00352,FEMALE,71
subscribers_00353,MALE,20
subscribers_00354,FEMALE,45
subscribers_00355,MALE,68
subscribers_00356,FEMALE,26
subscribers_00357,FEMALE,71
subscribers_00358,FEMALE,39
subscribers_00359,MALE,59
subscribers_00360,FEMALE,39
subscribers_00361,MALE,23
subscribers_00362,FEMALE,68
subscribers_00363,MALE,67
subscribers_00364,MALE,59
subscribers_00365,MALE,62
subscribers_00366,MALE,77
subscribers_00367,MALE,26
subscribers_00368,MALE,37
subscribers_00369,FEMALE,80
subscribers_00370,FEMALE,38
subscribers_00371,FEMALE,19
subscribers_00372,MALE,17
subscribers_00373,FEMALE,71
subscribers_00374,MALE,30
subscribers_00375,FEMALE,78
subscribers_00376,MALE,36
subscribers_00377,MALE,63
subscribers_00378,FEMALE,67
subscribers_00379,MALE,31
subscribers_00380,FEMALE,78
subscribers_00381,MALE,27
subscribers_00382,MALE,68
subscribers_00383,MALE,64
subscribers_00384,FEMALE,46
subscribers_00385,MALE,35
subscribers_00386,FEMALE,59
subscribers_00387,MALE,57
subscribers_00388,MALE,73
subscribers_00389,FEMALE,81
subscribers_00390,MALE,73
subscribers_00391,MALE,54
subscribers_00392,MALE,75
subscribers_00393,MALE,69
subscribers_00394,FEMALE,57
subscribers_00395,FEMALE,45
subscribers_00396,MALE,26
subscribers_00397,MALE,77
subscribers_00398,MALE,34
subscribers_00399,FEMALE,61
subscribers_00400,MALE,75
subscribers_00401,MALE,77
subscribers_00402,MALE,42
subscribers_00403,MALE,64
subscribers_00404,FEMALE,16
subscribers_00405,MALE,72
subscribers_00406,MALE,40
subscribers_00407,MALE,39
subscribers_00408,FEMALE,24
subscribers_00409,FEMALE,68
subscribers_00410,FEMALE,25
subscribers_00411,MALE,79
subscribers_00412,FEMALE,28
subscribers_00413,MALE,43
subscribers_00414,FEMALE,25
subscribers_00415,MALE,31
subscribers_00416,MALE,31
subscribers_00417,MALE,42
subscribers_00418,FEMALE,55
subscribers_00419,FEMALE,35
subscribers_00420,MALE,68
subscribers_00421,FEMALE,34
subscribers_00422,MALE,75
subscribers_00423,MALE,30
subscribers_00424,FEMALE,66
subscribers_00425,FEMALE,31
subscribers_00426,FEMALE,80
subscribers_00427,FEMALE,48
subscribers_00428,MALE,51
subscribers_00429,FEMALE,74
subscribers_00430,MALE,75
subscribers_00431,MALE,78
subscribers_00432,MALE,62
subscribers_00433,MALE,76
subscribers_00434,MALE,63
subscribers_00435,FEMALE,83
subscribers_00436,MALE,73
subscribers_00437,FEMALE,29
subscribers_00438,MALE,74
subscribers_00439,FEMALE,23
subscribers_00440,MALE,41
subscribers_00441,FEMALE,16
subscribers_00442,FEMALE,20
subscribers_00443,MALE,39
subscribers_00444,FEMALE,79
subscribers_00445,MALE,26
subscribers_00446,FEMALE,64
subscribers_00447,FEMALE,26
subscribers_00448,FEMALE,74
subscribers_00449,FEMALE,69
subscribers_00450,FEMALE,82
subscribers_00451,MALE,36
subscribers_00452,FEMALE,33
subscribers_00453,FEMALE,42
subscribers_00454,FEMALE,60
subscribers_00455,FEMALE,54
subscribers_00456,FEMALE,36
subscribers_00457,MALE,48
subscribers_00458,MALE,82
subscribers_00459,MALE,17
subscribers_00460,MALE,42
subscribers_00461,MALE,61
subscribers_00462,MALE,78
subscribers_00463,FEMALE,30
subscribers_00464,MALE,78
subscribers_00465,MALE,62
subscribers_00466,MALE,66
subscribers_00467,FEMALE,81
subscribers_00468,MALE,33
subscribers_00469,MALE,74
subscribers_00470,FEMALE,43
subscribers_00471,MALE,36
subscribers_00472,FEMALE,42
subscribers_00473,MALE,61
subscribers_00474,FEMALE,34
subscribers_00475,FEMALE,64
subscribers_00476,FEMALE,44
subscribers_00477,FEMALE,37
subscribers_00478,MALE,58
subscribers_00479,MALE,18
subscribers_00480,FEMALE,56
subscribers_00481,MALE,29
subscribers_00482,MALE,18
subscribers_00483,FEMALE,59
subscribers_00484,MALE,51
subscribers_00485,MALE,35
subscribers_00486,FEMALE,78
subscribers_00487,FEMALE,44
subscribers_00488,MALE,49
subscribers_00489,FEMALE,23
subscribers_00490,FEMALE,20
subscribers_00491,FEMALE,49
subscribers_00492,MALE,21
subscribers_00493,FEMALE,39
subscribers_00494,MALE,79
subscribers_00495,MALE,38
subscribers_00496,FEMALE,72
subscribers_00497,MALE,82
subscribers_00498,MALE,53
subscribers_00499,FEMALE,26
subscribers_00500,MALE,80
subscribers_00501,MALE,72
subscribers_00502,FEMALE,38
subscribers_00503,FEMALE,51
subscribers_00504,FEMALE,38
subscribers_00505,FEMALE,80
subscribers_00506,MALE,49
subscribers_00507,MALE,30
subscribers_00508,MALE,31
subscribers_00509,MALE,49
subscribers_00510,FEMALE,19
subscribers_00511,MALE,40
subscribers_00512,MALE,44
subscribers_00513,FEMALE,31
subscribers_00514,MALE,46
subscribers_00515,MALE,41
subscribers_00516,MALE,45
subscribers_00517,FEMALE,30
subscribers_00518,MALE,24
subscribers_00519,FEMALE,66
subscribers_00520,MALE,82
subscribers_00521,FEMALE,62
subscribers_00522,MALE,49
subscribers_00523,FEMALE,39
subscribers_00524,MALE,74
subscribers_00525,FEMALE,78
subscribers_00526,MALE,44
subscribers_00527,FEMALE,64
subscribers_00528,MALE,21
subscribers_00529,MALE,29
subscribers_00530,FEMALE,26
subscribers_00531,FEMALE,28
subscribers_00532,MALE,28
subscribers_00533,MALE,72
subscribers_00534,FEMALE,53
subscribers_00535,FEMALE,34
subscribers_00536,MALE,66
subscribers_00537,FEMALE,68
subscribers_00538,MALE,16
subscribers_00539,FEMALE,35
subscribers_00540,MALE,47
subscribers_00541,FEMALE,68
subscribers_00542,FEMALE,27
subscribers_00543,FEMALE,82
subscribers_00544,MALE,19
subscribers_00545,FEMALE,54
subscribers_00546,FEMALE,49
subscribers_00547,FEMALE,39
subscribers_00548,FEMALE,71
subscribers_00549,MALE,38
subscribers_00550,FEMALE,63
subscribers_00551,MALE,69
subscribers_00552,FEMALE,69
subscribers_00553,FEMALE,38
subscribers_00554,FEMALE,38
subscribers_00555,MALE,80
subscribers_00556,MALE,17
subscribers_00557,MALE,57
subscribers_00558,MALE,21
subscribers_00559,FEMALE,83
subscribers_00560,MALE,48
subscribers_00561,FEMALE,60
subscribers_00562,MALE,62
subscribers_00563,MALE,21
subscribers_00564,MALE,66
subscribers_00565,MALE,74
subscribers_00566,FEMALE,21
subscribers_00567,MALE,67
subscribers_00568,FEMALE,84
subscribers_00569,MALE,78
subscribers_00570,MALE,35
subscribers_00571,MALE,45
subscribers_00572,FEMALE,79
subscribers_00573,MALE,64
subscribers_00574,FEMALE,42
subscribers_00575,MALE,80
subscribers_00576,FEMALE,55
subscribers_00577,MALE,32
subscribers_00578,MALE,34
subscribers_00579,MALE,18
subscribers_00580,FEMALE,38
subscribers_00581,MALE,22
subscribers_00582,FEMALE,76
subscribers_00583,FEMALE,54
subscribers_00584,MALE,68
subscribers_00585,FEMALE,46
subscribers_00586,FEMALE,49
subscribers_00587,MALE,62
subscribers_00588,FEMALE,60
subscribers_00589,FEMALE,30
subscribers_00590,FEMALE,71
subscribers_00591,MALE,36
subscribers_00592,FEMALE,33
subscribers_00593,MALE,61
subscribers_00594,FEMALE,80
subscribers_00595,FEMALE,82
subscribers_00596,FEMALE,46
subscribers_00597,FEMALE,77
subscribers_00598,FEMALE,23
subscribers_00599,MALE,44
subscribers_00600,MALE,54
subscribers_00601,MALE,31
subscribers_00602,MALE,25
subscribers_00603,MALE,81
subscribers_00604,MALE,16
subscribers_00605,MALE,21
subscribers_00606,FEMALE,38
subscribers_00607,FEMALE,48
subscribers_00608,MALE,41
subscribers_00609,MALE,51
subscribers_00610,FEMALE,25
subscribers_00611,FEMALE,24
subscribers_00612,MALE,84
subscribers_00613,MALE,40
subscribers_00614,FEMALE,27
subscribers_00615,FEMALE,47
subscribers_00616,FEMALE,70
subscribers_00617,FEMALE,21
subscribers_00618,FEMALE,76
subscribers_00619,MALE,25
subscribers_00620,MALE,52
subscribers_00621,FEMALE,38
subscribers_00622,FEMALE,70
subscribers_00623,FEMALE,59
subscribers_00624,FEMALE,19
subscribers_00625,FEMALE,64
subscribers_00626,MALE,58
subscribers_00627,FEMALE,16
subscribers_00628,FEMALE,54
subscribers_00629,FEMALE,42
subscribers_00630,FEMALE,60
subscribers_00631,MALE,16
subscribers_00632,FEMALE,22
subscribers_00633,MALE,17
subscribers_00634,FEMALE,50
subscribers_00635,FEMALE,34
subscribers_00636,FEMALE,16
subscribers_00637,FEMALE,66
subscribers_00638,MALE,40
subscribers_00639,MALE,61
subscribers_00640,FEMALE,83
subscribers_00641,FEMALE,57
subscribers_00642,MALE,68
subscribers_00643,FEMALE,57
subscribers_00644,FEMALE,34
subscribers_00645,MALE,23
subscribers_00646,MALE,50
subscribers_00647,FEMALE,52
subscribers_00648,MALE,67
subscribers_00649,FEMALE,70
subscribers_00650,FEMALE,19
subscribers_00651,FEMALE,65
subscribers_00652,FEMALE,51
subscribers_00653,MALE,62
subscribers_00654,FEMALE,16
subscribers_00655,MALE,33
subscribers_00656,MALE,66
subscribers_00657,FEMALE,41
subscribers_00658,MALE,38
subscribers_00659,MALE,26
subscribers_00660,FEMALE,37
subscribers_00661,MALE,30
subscribers_00662,MALE,44
subscribers_00663,MALE,59
subscribers_00664,FEMALE,59
subscribers_00665,FEMALE,24
subscribers_00666,FEMALE,55
subscribers_00667,MALE,17
subscribers_00668,FEMALE,78
subscribers_00669,MALE,39
subscribers_00670,MALE,18
subscribers_00671,MALE,29
subscribers_00672,FEMALE,83
subscribers_00673,MALE,63
subscribers_00674,FEMALE,26
subscribers_00675,FEMALE,30
subscribers_00676,FEMALE,39
subscribers_00677,FEMALE,80
subscribers_00678,FEMALE,24
subscribers_00679,FEMALE,24
subscribers_00680,FEMALE,84
subscribers_00681,MALE,46
subscribers_00682,MALE,54
subscribers_00683,MALE,52
subscribers_00684,MALE,22
subscribers_00685,FEMALE,69
subscribers_00686,MALE,38
subscribers_00687,FEMALE,28
subscribers_00688,MALE,19
subscribers_00689,MALE,81
subscribers_00690,FEMALE,19
subscribers_00691,MALE,72
subscribers_00692,MALE,74
subscribers_00693,FEMALE,82
subscribers_00694,FEMALE,15
subscribers_00695,FEMALE,50
subscribers_00696,FEMALE,16
subscribers_00697,FEMALE,26
subscribers_00698,MALE,48
subscribers_00699,MALE,16
subscribers_00700,MALE,70
subscribers_00701,FEMALE,62
subscribers_00702,FEMALE,27
subscribers_00703,FEMALE,45
subscribers_00704,MALE,71
subscribers_00705,MALE,27
subscribers_00706,MALE,36
subscribers_00707,FEMALE,36
subscribers_00708,FEMALE,36
subscribers_00709,MALE,54
subscribers_00710,FEMALE,74
subscribers_00711,MALE,67
subscribers_00712,FEMALE,54
subscribers_00713,FEMALE,33
subscribers_00714,FEMALE,26
subscribers_00715,FEMALE,83
subscribers_00716,MALE,27
subscribers_00717,FEMALE,48
subscribers_00718,FEMALE,58
subscribers_00719,MALE,79
subscribers_00720,MALE,22
subscribers_00721,MALE,67
subscribers_00722,FEMALE,26
subscribers_00723,FEMALE,19
subscribers_00724,MALE,42
subscribers_00725,MALE,32
subscribers_00726,FEMALE,52
subscribers_00727,FEMALE,18
subscribers_00728,MALE,55
subscribers_00729,MALE,48
subscribers_00730,MALE,60
subscribers_00731,MALE,62
subscribers_00732,MALE,59
subscribers_00733,MALE,82
subscribers_00734,FEMALE,35
subscribers_00735,MALE,55
subscribers_00736,FEMALE,34
subscribers_00737,FEMALE,18
subscribers_00738,MALE,54
subscribers_00739,FEMALE,80
subscribers_00740,FEMALE,48
subscribers_00741,MALE,62
subscribers_00742,MALE,68
subscribers_00743,FEMALE,74
subscribers_00744,MALE,18
subscribers_00745,FEMALE,38
subscribers_00746,FEMALE,59
subscribers_00747,FEMALE,59
subscribers_00748,FEMALE,17
subscribers_00749,MALE,47
subscribers_00750,FEMALE,50
subscribers_00751,MALE,78
subscribers_00752,FEMALE,19
subscribers_00753,MALE,46
subscribers_00754,FEMALE,38
subscribers_00755,FEMALE,51
subscribers_00756,MALE,42
subscribers_00757,MALE,38
subscribers_00758,MALE,24
subscribers_00759,FEMALE,75
subscribers_00760,MALE,42
subscribers_00761,MALE,78
subscribers_00762,FEMALE,68
subscribers_00763,FEMALE,42
subscribers_00764,FEMALE,46
subscribers_00765,FEMALE,69
subscribers_00766,MALE,58
subscribers_00767,FEMALE,24
subscribers_00768,MALE,34
subscribers_00769,FEMALE,74
subscribers_00770,FEMALE,26
subscribers_00771,MALE,43
subscribers_00772,MALE,72
subscribers_00773,FEMALE,27
subscribers_00774,FEMALE,51
subscribers_00775,MALE,79
subscribers_00776,MALE,79
subscribers_00777,MALE,51
subscribers_00778,MALE,34
subscribers_00779,FEMALE,46
subscribers_00780,FEMALE,62
subscribers_00781,FEMALE,40
subscribers_00782,MALE,34
subscribers_00783,FEMALE,75
subscribers_00784,FEMALE,50
subscribers_00785,MALE,42
subscribers_00786,MALE,61
subscribers_00787,MALE,21
subscribers_00788,MALE,23
subscribers_00789,FEMALE,69
subscribers_00790,FEMALE,40
subscribers_00791,FEMALE,47
subscribers_00792,FEMALE,52
subscribers_00793,FEMALE,40
subscribers_00794,FEMALE,52
subscribers_00795,FEMALE,72
subscribers_00796,MALE,37
subscribers_00797,MALE,44
subscribers_00798,FEMALE,57
subscribers_00799,MALE,38
subscribers_00800,FEMALE,57
subscribers_00801,MALE,36
subscribers_00802,FEMALE,61
subscribers_00803,MALE,29
subscribers_00804,MALE,82
subscribers_00805,MALE,39
subscribers_00806,FEMALE,29
subscribers_00807,MALE,31
subscribers_00808,MALE,35
subscribers_00809,FEMALE,19
subscribers_00810,FEMALE,29
subscribers_00811,MALE,21
subscribers_00812,FEMALE,58
subscribers_00813,FEMALE,49
subscribers_00814,MALE,41
subscribers_00815,FEMALE,32
subscribers_00816,MALE,71
subscribers_00817,FEMALE,28
subscribers_00818,FEMALE,28
subscribers_00819,MALE,37
subscribers_00820,FEMALE,60
subscribers_00821,MALE,58
subscribers_00822,MALE,69
subscribers_00823,FEMALE,75
subscribers_00824,FEMALE,31
subscribers_00825,MALE,45
subscribers_00826,FEMALE,63
subscribers_00827,FEMALE,67
subscribers_00828,FEMALE,15
subscribers_00829,FEMALE,50
subscribers_00830,MALE,71
subscribers_00831,MALE,73
subscribers_00832,FEMALE,57
subscribers_00833,FEMALE,66
subscribers_00834,MALE,34
subscribers_00835,FEMALE,24
subscribers_00836,FEMALE,32
subscribers_00837,FEMALE,73
subscribers_00838,MALE,40
subscribers_00839,MALE,34
subscribers_00840,MALE,63
subscribers_00841,FEMALE,45
subscribers_00842,FEMALE,29
subscribers_00843,MALE,19
subscribers_00844,MALE,70
subscribers_00845,FEMALE,45
subscribers_00846,FEMALE,19
subscribers_00847,FEMALE,83
subscribers_00848,FEMALE,29
subscribers_00849,FEMALE,74
subscribers_00850,MALE,84
subscribers_00851,MALE,64
subscribers_00852,FEMALE,61
subscribers_00853,FEMALE,53
subscribers_00854,FEMALE,15
subscribers_00855,MALE,24
subscribers_00856,FEMALE,69
subscribers_00857,MALE,34
subscribers_00858,MALE,68
subscribers_00859,MALE,22
subscribers_00860,FEMALE,38
subscribers_00861,MALE,78
subscribers_00862,FEMALE,30
subscribers_00863,MALE,34
subscribers_00864,FEMALE,25
subscribers_00865,FEMALE,49
subscribers_00866,FEMALE,41
subscribers_00867,MALE,41
subscribers_00868,MALE,28
subscribers_00869,FEMALE,20
subscribers_00870,FEMALE,29
subscribers_00871,FEMALE,83
subscribers_00872,FEMALE,59
subscribers_00873,MALE,79
subscribers_00874,FEMALE,48
subscribers_00875,FEMALE,43
subscribers_00876,MALE,54
subscribers_00877,FEMALE,28
subscribers_00878,MALE,58
subscribers_00879,MALE,68
subscribers_00880,FEMALE,42
subscribers_00881,FEMALE,26
subscribers_00882,FEMALE,61
subscribers_00883,FEMALE,68
subscribers_00884,MALE,79
subscribers_00885,MALE,72
subscribers_00886,MALE,19
subscribers_00887,FEMALE,19
subscribers_00888,FEMALE,44
subscribers_00889,FEMALE,18
subscribers_00890,FEMALE,26
subscribers_00891,MALE,36
subscribers_00892,FEMALE,24
subscribers_00893,MALE,43
subscribers_00894,FEMALE,40
subscribers_00895,FEMALE,21
subscribers_00896,FEMALE,41
subscribers_00897,MALE,41
subscribers_00898,FEMALE,33
subscribers_00899,MALE,79
subscribers_00900,FEMALE,49
subscribers_00901,MALE,38
subscribers_00902,FEMALE,24
subscribers_00903,FEMALE,82
subscribers_00904,FEMALE,23
subscribers_00905,FEMALE,67
subscribers_00906,MALE,54
subscribers_00907,MALE,49
subscribers_00908,MALE,74
subscribers_00909,FEMALE,65
subscribers_00910,MALE,63
subscribers_00911,MALE,54
subscribers_00912,FEMALE,37
subscribers_00913,FEMALE,75
subscribers_00914,MALE,42
subscribers_00915,MALE,40
subscribers_00916,FEMALE,48
subscribers_00917,MALE,44
subscribers_00918,FEMALE,49
subscribers_00919,FEMALE,43
subscribers_00920,MALE,61
subscribers_00921,FEMALE,66
subscribers_00922,MALE,83
subscribers_00923,FEMALE,63
subscribers_00924,FEMALE,27
subscribers_00925,MALE,49
subscribers_00926,MALE,60
subscribers_00927,FEMALE,40
subscribers_00928,FEMALE,26
subscribers_00929,FEMALE,80
subscribers_00930,MALE,77
subscribers_00931,FEMALE,62
subscribers_00932,FEMALE,56
subscribers_00933,FEMALE,21
subscribers_00934,MALE,52
subscribers_00935,MALE,19
subscribers_00936,MALE,79
subscribers_00937,FEMALE,23
subscribers_00938,FEMALE,69
subscribers_00939,MALE,82
subscribers_00940,FEMALE,72
subscribers_00941,MALE,31
subscribers_00942,MALE,24
subscribers_00943,MALE,73
subscribers_00944,FEMALE,19
subscribers_00945,FEMALE,38
subscribers_00946,FEMALE,26
subscribers_00947,MALE,79
subscribers_00948,MALE,21
subscribers_00949,FEMALE,71
subscribers_00950,MALE,38
subscribers_00951,FEMALE,18
subscribers_00952,MALE,38
subscribers_00953,MALE,56
subscribers_00954,MALE,31
subscribers_00955,FEMALE,84
subscribers_00956,MALE,56
subscribers_00957,FEMALE,68
subscribers_00958,FEMALE,76
subscribers_00959,MALE,55
subscribers_00960,FEMALE,44
subscribers_00961,MALE,29
subscribers_00962,FEMALE,47
subscribers_00963,FEMALE,31
subscribers_00964,FEMALE,55
subscribers_00965,MALE,34
subscribers_00966,FEMALE,26
subscribers_00967,FEMALE,30
subscribers_00968,MALE,84
subscribers_00969,FEMALE,65
subscribers_00970,MALE,50
subscribers_00971,MALE,79
subscribers_00972,MALE,79
subscribers_00973,MALE,32
subscribers_00974,FEMALE,42
subscribers_00975,MALE,33
subscribers_00976,MALE,27
subscribers_00977,FEMALE,39
subscribers_00978,MALE,59
subscribers_00979,MALE,15
subscribers_00980,FEMALE,27
subscribers_00981,FEMALE,22
subscribers_00982,FEMALE,76
subscribers_00983,FEMALE,21
subscribers_00984,FEMALE,42
subscribers_00985,FEMALE,71
subscribers_00986,FEMALE,59
subscribers_00987,FEMALE,31
subscribers_00988,MALE,52
subscribers_00989,MALE,69
subscribers_00990,FEMALE,41
subscribers_00991,FEMALE,40
subscribers_00992,MALE,75
subscribers_00993,FEMALE,32
subscribers_00994,FEMALE,35
subscribers_00995,MALE,34
subscribers_00996,FEMALE,59
subscribers_00997,MALE,30
subscribers_00998,MALE,73
subscribers_00999,FEMALE,84
subscribers_01000,MALE,57
subscribers_01001,FEMALE,81
subscribers_01002,FEMALE,34
subscribers_01003,FEMALE,69
subscribers_01004,MALE,46
subscribers_01005,FEMALE,37
subscribers_01006,MALE,78
subscribers_01007,MALE,19
subscribers_01008,FEMALE,17
subscribers_01009,FEMALE,32
subscribers_01010,MALE,63
subscribers_01011,FEMALE,47
subscribers_01012,FEMALE,31
subscribers_01013,FEMALE,39
subscribers_01014,MALE,31
subscribers_01015,FEMALE,79
subscribers_01016,FEMALE,65
subscribers_01017,FEMALE,56
subscribers_01018,FEMALE,69
subscribers_01019,FEMALE,78
subscribers_01020,MALE,66
subscribers_01021,FEMALE,65
subscribers_01022,MALE,64
subscribers_01023,FEMALE,15
subscribers_01024,MALE,65
subscribers_01025,FEMALE,62
subscribers_01026,FEMALE,84
subscribers_01027,FEMALE,35
subscribers_01028,MALE,36
subscribers_01029,MALE,16
subscribers_01030,MALE,18
subscribers_01031,FEMALE,15
subscribers_01032,MALE,17
subscribers_01033,FEMALE,29
subscribers_01034,MALE,60
subscribers_01035,FEMALE,59
subscribers_01036,MALE,44
subscribers_01037,FEMALE,69
subscribers_01038,MALE,35
subscribers_01039,FEMALE,44
subscribers_01040,MALE,42
subscribers_01041,FEMALE,38
subscribers_01042,FEMALE,44
subscribers_01043,MALE,48
subscribers_01044,MALE,36
subscribers_01045,MALE,42
subscribers_01046,FEMALE,31
subscribers_01047,FEMALE,21
subscribers_01048,FEMALE,79
subscribers_01049,FEMALE,38
subscribers_01050,FEMALE,58
subscribers_01051,MALE,30
subscribers_01052,MALE,83
subscribers_01053,FEMALE,84
subscribers_01054,MALE,66
subscribers_01055,MALE,23
subscribers_01056,MALE,57
subscribers_01057,MALE,30
subscribers_01058,FEMALE,43
subscribers_01059,MALE,54
subscribers_01060,MALE,33
subscribers_01061,FEMALE,18
subscribers_01062,MALE,45
subscribers_01063,FEMALE,24
subscribers_01064,FEMALE,47
subscribers_01065,FEMALE,58
subscribers_01066,FEMALE,75
subscribers_01067,FEMALE,23
subscribers_01068,MALE,77
subscribers_01069,FEMALE,34
subscribers_01070,FEMALE,41
subscribers_01071,FEMALE,35
subscribers_01072,MALE,38
subscribers_01073,FEMALE,20
subscribers_01074,MALE,74
subscribers_01075,FEMALE,53
subscribers_01076,MALE,75
subscribers_01077,FEMALE,55
subscribers_01078,MALE,80
subscribers_01079,FEMALE,36
subscribers_01080,MALE,39
subscribers_01081,FEMALE,44
subscribers_01082,MALE,23
subscribers_01083,MALE,62
subscribers_01084,FEMALE,15
subscribers_01085,MALE,70
subscribers_01086,FEMALE,65
subscribers_01087,FEMALE,18
subscribers_01088,MALE,60
subscribers_01089,MALE,74
subscribers_01090,FEMALE,37
subscribers_01091,MALE,45
subscribers_01092,MALE,43
subscribers_01093,FEMALE,66
subscribers_01094,MALE,48
subscribers_01095,FEMALE,76
subscribers_01096,MALE,19
subscribers_01097,FEMALE,83
subscribers_01098,FEMALE,49
subscribers_01099,MALE,79
subscribers_01100,FEMALE,43
subscribers_01101,MALE,22
subscribers_01102,FEMALE,63
subscribers_01103,MALE,45
subscribers_01104,FEMALE,33
subscribers_01105,MALE,58
subscribers_01106,FEMALE,42
subscribers_01107,MALE,33
subscribers_01108,MALE,42
subscribers_01109,MALE,68
subscribers_01110,MALE,35
subscribers_01111,FEMALE,37
subscribers_01112,MALE,42
subscribers_01113,MALE,39
subscribers_01114,FEMALE,23
subscribers_01115,FEMALE,84
subscribers_01116,FEMALE,40
subscribers_01117,FEMALE,34
subscribers_01118,FEMALE,57
subscribers_01119,MALE,78
subscribers_01120,FEMALE,17
subscribers_01121,MALE,81
subscribers_01122,FEMALE,73
subscribers_01123,FEMALE,44
subscribers_01124,MALE,75
subscribers_01125,MALE,65
subscribers_01126,FEMALE,75
subscribers_01127,MALE,60
subscribers_01128,FEMALE,45
subscribers_01129,MALE,53
subscribers_01130,MALE,61
subscribers_01131,MALE,36
subscribers_01132,FEMALE,42
subscribers_01133,MALE,44
subscribers_01134,FEMALE,76
subscribers_01135,MALE,66
subscribers_01136,MALE,83
subscribers_01137,MALE,28
subscribers_01138,MALE,82
subscribers_01139,FEMALE,65
subscribers_01140,FEMALE,65
subscribers_01141,MALE,58
subscribers_01142,MALE,54
subscribers_01143,FEMALE,68
subscribers_01144,FEMALE,29
subscribers_01145,FEMALE,25
subscribers_01146,MALE,71
subscribers_01147,MALE,20
subscribers_01148,FEMALE,56
subscribers_01149,FEMALE,51
subscribers_01150,FEMALE,62
subscribers_01151,MALE,66
subscribers_01152,MALE,19
subscribers_01153,MALE,36
subscribers_01154,MALE,30
subscribers_01155,FEMALE,15
subscribers_01156,FEMALE,58
subscribers_01157,FEMALE,61
subscribers_01158,MALE,18
subscribers_01159,MALE,78
subscribers_01160,FEMALE,53
subscribers_01161,FEMALE,40
subscribers_01162,FEMALE,74
subscribers_01163,FEMALE,24
subscribers_01164,FEMALE,72
subscribers_01165,FEMALE,83
subscribers_01166,FEMALE,31
subscribers_01167,MALE,23
subscribers_01168,FEMALE,57
subscribers_01169,FEMALE,40
subscribers_01170,FEMALE,56
subscribers_01171,FEMALE,80
subscribers_01172,FEMALE,74
subscribers_01173,FEMALE,55
subscribers_01174,MALE,51
subscribers_01175,MALE,31
subscribers_01176,FEMALE,45
subscribers_01177,MALE,17
subscribers_01178,MALE,47
subscribers_01179,MALE,35
subscribers_01180,MALE,73
subscribers_01181,FEMALE,81
subscribers_01182,FEMALE,57
subscribers_01183,FEMALE,19
subscribers_01184,FEMALE,16
subscribers_01185,MALE,79
subscribers_01186,FEMALE,22
subscribers_01187,FEMALE,77
subscribers_01188,FEMALE,37
subscribers_01189,MALE,35
subscribers_01190,MALE,38
subscribers_01191,FEMALE,44
subscribers_01192,FEMALE,48
subscribers_01193,FEMALE,69
subscribers_01194,MALE,16
subscribers_01195,FEMALE,73
subscribers_01196,FEMALE,64
subscribers_01197,FEMALE,34
subscribers_01198,FEMALE,66
subscribers_01199,MALE,27
subscribers_01200,FEMALE,30
subscribers_01201,FEMALE,32
subscribers_01202,FEMALE,60
subscribers_01203,MALE,83
subscribers_01204,MALE,16
subscribers_01205,FEMALE,53
subscribers_01206,FEMALE,79
subscribers_01207,MALE,39
subscribers_01208,MALE,69
subscribers_01209,MALE,67
subscribers_01210,FEMALE,40
subscribers_01211,MALE,30
subscribers_01212,MALE,48
subscribers_01213,FEMALE,72
subscribers_01214,FEMALE,15
subscribers_01215,MALE,64
subscribers_01216,MALE,30
subscribers_01217,FEMALE,43
subscribers_01218,MALE,68
subscribers_01219,FEMALE,39
subscribers_01220,FEMALE,74
subscribers_01221,FEMALE,41
subscribers_01222,FEMALE,22
subscribers_01223,MALE,27
subscribers_01224,MALE,29
subscribers_01225,FEMALE,71
subscribers_01226,MALE,55
subscribers_01227,MALE,58
subscribers_01228,FEMALE,30
subscribers_01229,FEMALE,42
subscribers_01230,MALE,28
subscribers_01231,FEMALE,49
subscribers_01232,MALE,74
subscribers_01233,MALE,39
subscribers_01234,MALE,66
subscribers_01235,FEMALE,35
subscribers_01236,FEMALE,73
subscribers_01237,FEMALE,40
subscribers_01238,MALE,20
subscribers_01239,FEMALE,36
subscribers_01240,MALE,15
subscribers_01241,MALE,42
subscribers_01242,FEMALE,82
subscribers_01243,MALE,41
subscribers_01244,FEMALE,34
subscribers_01245,MALE,33
subscribers_01246,FEMALE,18
subscribers_01247,FEMALE,33
subscribers_01248,FEMALE,26
subscribers_01249,FEMALE,61
subscribers_01250,FEMALE,35
subscribers_01251,FEMALE,39
subscribers_01252,MALE,70
subscribers_01253,MALE,73
subscribers_01254,MALE,61
subscribers_01255,MALE,57
subscribers_01256,FEMALE,35
subscribers_01257,FEMALE,25
subscribers_01258,MALE,50
subscribers_01259,MALE,46
subscribers_01260,FEMALE,35
subscribers_01261,MALE,39
subscribers_01262,FEMALE,55
subscribers_01263,FEMALE,16
subscribers_01264,FEMALE,32
subscribers_01265,FEMALE,29
subscribers_01266,MALE,28
subscribers_01267,MALE,26
subscribers_01268,MALE,70
subscribers_01269,MALE,62
subscribers_01270,MALE,50
subscribers_01271,FEMALE,60
subscribers_01272,FEMALE,30
subscribers_01273,MALE,45
subscribers_01274,MALE,68
subscribers_01275,MALE,24
subscribers_01276,MALE,18
subscribers_01277,MALE,24
subscribers_01278,FEMALE,81
subscribers_01279,FEMALE,73
subscribers_01280,MALE,54
subscribers_01281,MALE,18
subscribers_01282,FEMALE,56
subscribers_01283,FEMALE,62
subscribers_01284,FEMALE,44
subscribers_01285,MALE,84
subscribers_01286,MALE,27
subscribers_01287,FEMALE,74
subscribers_01288,FEMALE,27
subscribers_01289,FEMALE,22
subscribers_01290,MALE,59
subscribers_01291,FEMALE,75
subscribers_01292,MALE,38
subscribers_01293,FEMALE,51
subscribers_01294,MALE,52
subscribers_01295,FEMALE,67
subscribers_01296,FEMALE,64
subscribers_01297,FEMALE,71
subscribers_01298,FEMALE,31
subscribers_01299,FEMALE,39
subscribers_01300,MALE,21
subscribers_01301,MALE,33
subscribers_01302,MALE,35
subscribers_01303,FEMALE,76
subscribers_01304,FEMALE,63
subscribers_01305,FEMALE,32
subscribers_01306,FEMALE,44
subscribers_01307,MALE,67
subscribers_01308,FEMALE,24
subscribers_01309,FEMALE,53
subscribers_01310,FEMALE,16
subscribers_01311,MALE,58
subscribers_01312,FEMALE,28
subscribers_01313,FEMALE,40
subscribers_01314,MALE,35
subscribers_01315,FEMALE,46
subscribers_01316,MALE,46
subscribers_01317,MALE,51
subscribers_01318,FEMALE,73
subscribers_01319,MALE,19
subscribers_01320,FEMALE,48
subscribers_01321,MALE,42
subscribers_01322,MALE,47
subscribers_01323,MALE,50
subscribers_01324,MALE,49
subscribers_01325,MALE,44
subscribers_01326,MALE,51
subscribers_01327,MALE,34
subscribers_01328,MALE,55
subscribers_01329,FEMALE,65
subscribers_01330,FEMALE,48
subscribers_01331,MALE,45
subscribers_01332,FEMALE,23
subscribers_01333,MALE,22
subscribers_01334,MALE,31
subscribers_01335,FEMALE,44
subscribers_01336,MALE,62
subscribers_01337,MALE,19
subscribers_01338,MALE,21
subscribers_01339,MALE,69
subscribers_01340,FEMALE,29
subscribers_01341,MALE,28
subscribers_01342,FEMALE,40
subscribers_01343,MALE,58
subscribers_01344,MALE,65
subscribers_01345,FEMALE,29
subscribers_01346,FEMALE,63
subscribers_01347,FEMALE,28
subscribers_01348,MALE,49
subscribers_01349,MALE,38
subscribers_01350,FEMALE,21
subscribers_01351,FEMALE,37
subscribers_01352,MALE,38
subscribers_01353,FEMALE,20
subscribers_01354,MALE,68
subscribers_01355,FEMALE,45
subscribers_01356,MALE,41
subscribers_01357,MALE,33
subscribers_01358,MALE,34
subscribers_01359,FEMALE,31
subscribers_01360,FEMALE,60
subscribers_01361,MALE,39
subscribers_01362,MALE,16
subscribers_01363,MALE,22
subscribers_01364,FEMALE,38
subscribers_01365,MALE,47
subscribers_01366,FEMALE,53
subscribers_01367,FEMALE,19
subscribers_01368,FEMALE,21
subscribers_01369,FEMALE,55
subscribers_01370,MALE,36
subscribers_01371,FEMALE,29
subscribers_01372,FEMALE,46
subscribers_01373,FEMALE,81
subscribers_01374,MALE,52
subscribers_01375,MALE,46
subscribers_01376,FEMALE,50
subscribers_01377,FEMALE,75
subscribers_01378,FEMALE,68
subscribers_01379,MALE,31
subscribers_01380,MALE,81
subscribers_01381,MALE,25
subscribers_01382,MALE,80
subscribers_01383,MALE,63
subscribers_01384,FEMALE,81
subscribers_01385,MALE,81
subscribers_01386,MALE,30
subscribers_01387,MALE,34
subscribers_01388,MALE,17
subscribers_01389,FEMALE,42
subscribers_01390,FEMALE,72
subscribers_01391,MALE,48
subscribers_01392,MALE,74
subscribers_01393,MALE,51
subscribers_01394,MALE,85
subscribers_01395,MALE,28
subscribers_01396,FEMALE,17
subscribers_01397,FEMALE,78
subscribers_01398,MALE,33
subscribers_01399,MALE,38
subscribers_01400,FEMALE,84
subscribers_01401,FEMALE,53
subscribers_01402,FEMALE,54
subscribers_01403,FEMALE,18
subscribers_01404,FEMALE,74
subscribers_01405,MALE,48
subscribers_01406,FEMALE,69
subscribers_01407,FEMALE,69
subscribers_01408,MALE,27
subscribers_01409,FEMALE,59
subscribers_01410,MALE,34
subscribers_01411,MALE,36
subscribers_01412,MALE,15
subscribers_01413,MALE,31
subscribers_01414,MALE,26
subscribers_01415,FEMALE,51
subscribers_01416,MALE,82
subscribers_01417,MALE,29
subscribers_01418,MALE,42
subscribers_01419,MALE,85
subscribers_01420,FEMALE,61
subscribers_01421,FEMALE,41
subscribers_01422,MALE,74
subscribers_01423,MALE,20
subscribers_01424,MALE,61
subscribers_01425,MALE,23
subscribers_01426,MALE,72
subscribers_01427,FEMALE,65
subscribers_01428,MALE,21
subscribers_01429,FEMALE,82
subscribers_01430,FEMALE,62
subscribers_01431,MALE,63
subscribers_01432,MALE,77
subscribers_01433,FEMALE,34
subscribers_01434,MALE,29
subscribers_01435,FEMALE,35
subscribers_01436,MALE,53
subscribers_01437,FEMALE,31
subscribers_01438,MALE,53
subscribers_01439,MALE,47
subscribers_01440,MALE,19
subscribers_01441,MALE,85
subscribers_01442,MALE,80
subscribers_01443,FEMALE,18
subscribers_01444,FEMALE,22
subscribers_01445,MALE,41
subscribers_01446,FEMALE,58
subscribers_01447,FEMALE,29
subscribers_01448,MALE,84
subscribers_01449,FEMALE,29
subscribers_01450,MALE,51
subscribers_01451,MALE,34
subscribers_01452,MALE,81
subscribers_01453,FEMALE,51
subscribers_01454,FEMALE,75
subscribers_01455,MALE,32
subscribers_01456,FEMALE,21
subscribers_01457,MALE,67
subscribers_01458,FEMALE,82
subscribers_01459,FEMALE,74
subscribers_01460,MALE,53
subscribers_01461,MALE,66
subscribers_01462,FEMALE,77
subscribers_01463,FEMALE,46
subscribers_01464,FEMALE,45
subscribers_01465,FEMALE,40
subscribers_01466,MALE,62
subscribers_01467,FEMALE,17
subscribers_01468,FEMALE,66
subscribers_01469,MALE,29
subscribers_01470,MALE,30
subscribers_01471,FEMALE,17
subscribers_01472,MALE,24
subscribers_01473,FEMALE,22
subscribers_01474,FEMALE,34
subscribers_01475,FEMALE,67
subscribers_01476,MALE,23
subscribers_01477,FEMALE,15
subscribers_01478,FEMALE,45
subscribers_01479,MALE,24
subscribers_01480,MALE,64
subscribers_01481,MALE,74
subscribers_01482,MALE,41
subscribers_01483,MALE,69
subscribers_01484,FEMALE,44
subscribers_01485,FEMALE,69
subscribers_01486,MALE,23
subscribers_01487,FEMALE,62
subscribers_01488,MALE,24
subscribers_01489,MALE,20
subscribers_01490,MALE,23
subscribers_01491,FEMALE,69
subscribers_01492,FEMALE,68
subscribers_01493,MALE,28
subscribers_01494,FEMALE,42
subscribers_01495,MALE,36
subscribers_01496,MALE,26
subscribers_01497,MALE,29
subscribers_01498,MALE,25
subscribers_01499,MALE,55
subscribers_01500,FEMALE,38
subscribers_01501,MALE,72
subscribers_01502,MALE,36
subscribers_01503,FEMALE,60
subscribers_01504,MALE,21
subscribers_01505,MALE,26
subscribers_01506,FEMALE,36
subscribers_01507,MALE,84
subscribers_01508,MALE,35
subscribers_01509,MALE,75
subscribers_01510,FEMALE,25
subscribers_01511,MALE,45
subscribers_01512,FEMALE,19
subscribers_01513,MALE,69
subscribers_01514,FEMALE,59
subscribers_01515,MALE,76
subscribers_01516,MALE,30
subscribers_01517,FEMALE,60
subscribers_01518,MALE,63
subscribers_01519,MALE,50
subscribers_01520,MALE,45
subscribers_01521,FEMALE,20
subscribers_01522,FEMALE,53
subscribers_01523,MALE,42
subscribers_01524,FEMALE,19
subscribers_01525,MALE,75
subscribers_01526,MALE,72
subscribers_01527,MALE,45
subscribers_01528,FEMALE,25
subscribers_01529,FEMALE,51
subscribers_01530,MALE,48
subscribers_01531,FEMALE,76
subscribers_01532,MALE,38
subscribers_01533,FEMALE,38
subscribers_01534,FEMALE,26
subscribers_01535,MALE,83
subscribers_01536,MALE,27
subscribers_01537,FEMALE,26
subscribers_01538,MALE,19
subscribers_01539,MALE,82
subscribers_01540,FEMALE,72
subscribers_01541,MALE,45
subscribers_01542,FEMALE,74
subscribers_01543,MALE,62
subscribers_01544,MALE,42
subscribers_01545,FEMALE,77
subscribers_01546,FEMALE,82
subscribers_01547,MALE,52
subscribers_01548,MALE,78
subscribers_01549,FEMALE,74
subscribers_01550,MALE,77
subscribers_01551,MALE,34
subscribers_01552,MALE,83
subscribers_01553,MALE,68
subscribers_01554,FEMALE,68
subscribers_01555,MALE,83
subscribers_01556,MALE,47
subscribers_01557,MALE,60
subscribers_01558,MALE,19
subscribers_01559,MALE,75
subscribers_01560,MALE,62
subscribers_01561,FEMALE,17
subscribers_01562,MALE,15
subscribers_01563,FEMALE,80
subscribers_01564,FEMALE,75
subscribers_01565,MALE,22
subscribers_01566,MALE,70
subscribers_01567,FEMALE,66
subscribers_01568,MALE,57
subscribers_01569,FEMALE,69
subscribers_01570,FEMALE,34
subscribers_01571,MALE,41
subscribers_01572,MALE,52
subscribers_01573,MALE,40
subscribers_01574,MALE,48
subscribers_01575,MALE,31
subscribers_01576,FEMALE,50
subscribers_01577,MALE,60
subscribers_01578,MALE,79
subscribers_01579,FEMALE,34
subscribers_01580,FEMALE,57
subscribers_01581,MALE,57
subscribers_01582,MALE,56
subscribers_01583,MALE,71
subscribers_01584,FEMALE,27
subscribers_01585,MALE,65
subscribers_01586,MALE,57
subscribers_01587,MALE,37
subscribers_01588,FEMALE,63
subscribers_01589,MALE,71
subscribers_01590,FEMALE,18
subscribers_01591,MALE,24
subscribers_01592,MALE,59
subscribers_01593,FEMALE,16
subscribers_01594,MALE,64
subscribers_01595,MALE,63
subscribers_01596,MALE,21
subscribers_01597,MALE,47
subscribers_01598,MALE,55
subscribers_01599,FEMALE,58
subscribers_01600,MALE,40
subscribers_01601,FEMALE,72
subscribers_01602,MALE,19
subscribers_01603,MALE,78
subscribers_01604,MALE,15
subscribers_01605,MALE,79
subscribers_01606,FEMALE,63
subscribers_01607,FEMALE,34
subscribers_01608,MALE,65
subscribers_01609,MALE,80
subscribers_01610,MALE,61
subscribers_01611,FEMALE,75
subscribers_01612,MALE,16
subscribers_01613,MALE,22
subscribers_01614,MALE,52
subscribers_01615,FEMALE,22
subscribers_01616,FEMALE,80
subscribers_01617,FEMALE,84
subscribers_01618,FEMALE,71
subscribers_01619,FEMALE,20
subscribers_01620,FEMALE,77
subscribers_01621,FEMALE,37
subscribers_01622,FEMALE,55
subscribers_01623,MALE,84
subscribers_01624,FEMALE,19
subscribers_01625,FEMALE,52
subscribers_01626,FEMALE,79
subscribers_01627,MALE,19
subscribers_01628,FEMALE,81
subscribers_01629,FEMALE,61
subscribers_01630,FEMALE,76
subscribers_01631,FEMALE,55
subscribers_01632,FEMALE,15
subscribers_01633,MALE,39
subscribers_01634,MALE,40
subscribers_01635,FEMALE,41
subscribers_01636,FEMALE,45
subscribers_01637,MALE,34
subscribers_01638,MALE,68
subscribers_01639,FEMALE,26
subscribers_01640,FEMALE,67
subscribers_01641,MALE,64
subscribers_01642,FEMALE,51
subscribers_01643,FEMALE,71
subscribers_01644,FEMALE,48
subscribers_01645,MALE,44
subscribers_01646,MALE,28
subscribers_01647,MALE,19
subscribers_01648,MALE,29
subscribers_01649,MALE,65
subscribers_01650,MALE,17
subscribers_01651,MALE,51
subscribers_01652,FEMALE,63
subscribers_01653,FEMALE,36
subscribers_01654,MALE,84
subscribers_01655,FEMALE,70
subscribers_01656,MALE,59
subscribers_01657,FEMALE,77
subscribers_01658,MALE,45
subscribers_01659,MALE,32
subscribers_01660,FEMALE,45
subscribers_01661,MALE,52
subscribers_01662,FEMALE,38
subscribers_01663,FEMALE,36
subscribers_01664,MALE,67
subscribers_01665,MALE,39
subscribers_01666,MALE,70
subscribers_01667,FEMALE,55
subscribers_01668,MALE,35
subscribers_01669,MALE,70
subscribers_01670,MALE,39
subscribers_01671,MALE,65
subscribers_01672,FEMALE,20
subscribers_01673,FEMALE,54
subscribers_01674,FEMALE,85
subscribers_01675,FEMALE,18
subscribers_01676,FEMALE,20
subscribers_01677,MALE,55
subscribers_01678,MALE,52
subscribers_01679,MALE,75
subscribers_01680,FEMALE,17
subscribers_01681,MALE,16
subscribers_01682,MALE,76
subscribers_01683,FEMALE,71
subscribers_01684,FEMALE,49
subscribers_01685,FEMALE,77
subscribers_01686,MALE,77
subscribers_01687,MALE,26
subscribers_01688,MALE,81
subscribers_01689,MALE,54
subscribers_01690,MALE,47
subscribers_01691,MALE,59
subscribers_01692,FEMALE,77
subscribers_01693,MALE,64
subscribers_01694,FEMALE,24
subscribers_01695,FEMALE,38
subscribers_01696,MALE,82
subscribers_01697,MALE,17
subscribers_01698,MALE,30
subscribers_01699,MALE,68
subscribers_01700,MALE,49
subscribers_01701,FEMALE,82
subscribers_01702,MALE,52
subscribers_01703,FEMALE,29
subscribers_01704,FEMALE,34
subscribers_01705,MALE,73
subscribers_01706,FEMALE,20
subscribers_01707,FEMALE,36
subscribers_01708,FEMALE,35
subscribers_01709,FEMALE,83
subscribers_01710,FEMALE,84
subscribers_01711,MALE,43
subscribers_01712,FEMALE,21
subscribers_01713,FEMALE,55
subscribers_01714,FEMALE,39
subscribers_01715,MALE,40
subscribers_01716,MALE,63
subscribers_01717,MALE,29
subscribers_01718,FEMALE,49
subscribers_01719,FEMALE,71
subscribers_01720,FEMALE,33
subscribers_01721,FEMALE,85
subscribers_01722,MALE,43
subscribers_01723,MALE,85
subscribers_01724,MALE,43
subscribers_01725,FEMALE,33
subscribers_01726,MALE,35
subscribers_01727,FEMALE,35
subscribers_01728,MALE,49
subscribers_01729,FEMALE,17
subscribers_01730,MALE,55
subscribers_01731,FEMALE,50
subscribers_01732,FEMALE,32
subscribers_01733,MALE,56
subscribers_01734,MALE,60
subscribers_01735,MALE,15
subscribers_01736,MALE,52
subscribers_01737,MALE,38
subscribers_01738,MALE,21
subscribers_01739,MALE,71
subscribers_01740,FEMALE,27
subscribers_01741,FEMALE,30
subscribers_01742,FEMALE,48
subscribers_01743,MALE,41
subscribers_01744,FEMALE,67
subscribers_01745,MALE,58
subscribers_01746,MALE,35
subscribers_01747,MALE,40
subscribers_01748,MALE,54
subscribers_01749,FEMALE,70
subscribers_01750,FEMALE,23
subscribers_01751,MALE,30
subscribers_01752,FEMALE,72
subscribers_01753,MALE,29
subscribers_01754,FEMALE,61
subscribers_01755,MALE,17
subscribers_01756,FEMALE,44
subscribers_01757,MALE,72
subscribers_01758,FEMALE,16
subscribers_01759,FEMALE,60
subscribers_01760,FEMALE,29
subscribers_01761,FEMALE,76
subscribers_01762,MALE,36
subscribers_01763,MALE,51
subscribers_01764,MALE,83
subscribers_01765,FEMALE,19
subscribers_01766,FEMALE,63
subscribers_01767,FEMALE,75
subscribers_01768,MALE,46
subscribers_01769,FEMALE,39
subscribers_01770,MALE,78
subscribers_01771,MALE,50
subscribers_01772,FEMALE,68
subscribers_01773,MALE,52
subscribers_01774,FEMALE,79
subscribers_01775,FEMALE,68
subscribers_01776,FEMALE,24
subscribers_01777,FEMALE,27
subscribers_01778,MALE,75
subscribers_01779,MALE,51
subscribers_01780,MALE,44
subscribers_01781,MALE,39
subscribers_01782,MALE,61
subscribers_01783,FEMALE,80
subscribers_01784,MALE,48
subscribers_01785,FEMALE,51
subscribers_01786,MALE,35
subscribers_01787,FEMALE,21
subscribers_01788,MALE,74
subscribers_01789,FEMALE,65
subscribers_01790,FEMALE,46
subscribers_01791,MALE,68
subscribers_01792,MALE,19
subscribers_01793,FEMALE,84
subscribers_01794,FEMALE,38
subscribers_01795,FEMALE,22
subscribers_01796,FEMALE,31
subscribers_01797,FEMALE,70
subscribers_01798,MALE,42
subscribers_01799,FEMALE,70
subscribers_01800,MALE,58
subscribers_01801,FEMALE,82
subscribers_01802,MALE,19
subscribers_01803,FEMALE,68
subscribers_01804,MALE,22
subscribers_01805,MALE,54
subscribers_01806,FEMALE,57
subscribers_01807,MALE,32
subscribers_01808,MALE,28
subscribers_01809,FEMALE,42
subscribers_01810,MALE,80
subscribers_01811,MALE,45
subscribers_01812,FEMALE,81
subscribers_01813,FEMALE,68
subscribers_01814,MALE,32
subscribers_01815,MALE,66
subscribers_01816,MALE,63
subscribers_01817,MALE,33
subscribers_01818,MALE,37
subscribers_01819,FEMALE,25
subscribers_01820,FEMALE,32
subscribers_01821,FEMALE,16
subscribers_01822,MALE,60
subscribers_01823,FEMALE,77
subscribers_01824,FEMALE,67
subscribers_01825,FEMALE,62
subscribers_01826,FEMALE,50
subscribers_01827,MALE,39
subscribers_01828,FEMALE,70
subscribers_01829,MALE,45
subscribers_01830,FEMALE,19
subscribers_01831,MALE,25
subscribers_01832,MALE,42
subscribers_01833,MALE,29
subscribers_01834,MALE,36
subscribers_01835,MALE,69
subscribers_01836,MALE,47
subscribers_01837,FEMALE,73
subscribers_01838,MALE,33
subscribers_01839,FEMALE,51
subscribers_01840,FEMALE,72
subscribers_01841,MALE,58
subscribers_01842,FEMALE,37
subscribers_01843,MALE,66
subscribers_01844,FEMALE,80
subscribers_01845,FEMALE,29
subscribers_01846,FEMALE,19
subscribers_01847,FEMALE,40
subscribers_01848,MALE,34
subscribers_01849,MALE,33
subscribers_01850,MALE,36
subscribers_01851,MALE,44
subscribers_01852,MALE,56
subscribers_01853,MALE,38
subscribers_01854,FEMALE,51
subscribers_01855,MALE,44
subscribers_01856,FEMALE,32
subscribers_01857,FEMALE,16
subscribers_01858,MALE,43
subscribers_01859,MALE,38
subscribers_01860,FEMALE,43
subscribers_01861,FEMALE,29
subscribers_01862,MALE,16
subscribers_01863,MALE,41
subscribers_01864,MALE,69
subscribers_01865,FEMALE,77
subscribers_01866,FEMALE,29
subscribers_01867,MALE,62
subscribers_01868,FEMALE,40
subscribers_01869,MALE,28
subscribers_01870,MALE,24
subscribers_01871,FEMALE,38
subscribers_01872,FEMALE,43
subscribers_01873,FEMALE,27
subscribers_01874,MALE,69
subscribers_01875,MALE,41
subscribers_01876,FEMALE,66
subscribers_01877,FEMALE,39
subscribers_01878,FEMALE,76
subscribers_01879,FEMALE,24
subscribers_01880,FEMALE,52
subscribers_01881,FEMALE,17
subscribers_01882,FEMALE,69
subscribers_01883,MALE,50
subscribers_01884,FEMALE,54
subscribers_01885,MALE,69
subscribers_01886,FEMALE,22
subscribers_01887,FEMALE,19
subscribers_01888,FEMALE,64
subscribers_01889,FEMALE,34
subscribers_01890,MALE,78
subscribers_01891,FEMALE,37
subscribers_01892,MALE,75
subscribers_01893,MALE,47
subscribers_01894,FEMALE,51
subscribers_01895,FEMALE,36
subscribers_01896,FEMALE,45
subscribers_01897,MALE,56
subscribers_01898,FEMALE,48
subscribers_01899,FEMALE,23
subscribers_01900,FEMALE,16
subscribers_01901,FEMALE,23
subscribers_01902,FEMALE,20
subscribers_01903,FEMALE,42
subscribers_01904,FEMALE,57
subscribers_01905,FEMALE,39
subscribers_01906,MALE,73
subscribers_01907,FEMALE,73
subscribers_01908,MALE,41
subscribers_01909,FEMALE,58
subscribers_01910,FEMALE,76
subscribers_01911,FEMALE,38
subscribers_01912,MALE,49
subscribers_01913,FEMALE,28
subscribers_01914,FEMALE,17
subscribers_01915,MALE,72
subscribers_01916,MALE,41
subscribers_01917,FEMALE,68
subscribers_01918,FEMALE,43
subscribers_01919,FEMALE,47
subscribers_01920,FEMALE,52
subscribers_01921,FEMALE,34
subscribers_01922,MALE,43
subscribers_01923,FEMALE,33
subscribers_01924,MALE,37
subscribers_01925,MALE,41
subscribers_01926,MALE,76
subscribers_01927,MALE,37
subscribers_01928,MALE,50
subscribers_01929,FEMALE,65
subscribers_01930,MALE,57
subscribers_01931,MALE,20
subscribers_01932,FEMALE,67
subscribers_01933,MALE,79
subscribers_01934,FEMALE,21
subscribers_01935,MALE,82
subscribers_01936,MALE,23
subscribers_01937,FEMALE,44
subscribers_01938,MALE,30
subscribers_01939,FEMALE,68
subscribers_01940,FEMALE,48
subscribers_01941,MALE,21
subscribers_01942,FEMALE,44
subscribers_01943,MALE,56
subscribers_01944,FEMALE,18
subscribers_01945,MALE,74
subscribers_01946,MALE,57
subscribers_01947,FEMALE,39
subscribers_01948,FEMALE,55
subscribers_01949,FEMALE,81
subscribers_01950,MALE,34
subscribers_01951,MALE,79
subscribers_01952,FEMALE,29
subscribers_01953,MALE,52
subscribers_01954,MALE,83
subscribers_01955,MALE,54
subscribers_01956,FEMALE,72
subscribers_01957,MALE,52
subscribers_01958,MALE,48
subscribers_01959,MALE,50
subscribers_01960,MALE,40
subscribers_01961,FEMALE,48
subscribers_01962,MALE,64
subscribers_01963,FEMALE,67
subscribers_01964,FEMALE,43
subscribers_01965,FEMALE,64
subscribers_01966,MALE,18
subscribers_01967,FEMALE,24
subscribers_01968,MALE,50
subscribers_01969,FEMALE,39
subscribers_01970,MALE,79
subscribers_01971,MALE,41
subscribers_01972,MALE,35
subscribers_01973,MALE,63
subscribers_01974,FEMALE,80
subscribers_01975,MALE,24
subscribers_01976,FEMALE,63
subscribers_01977,FEMALE,34
subscribers_01978,MALE,50
subscribers_01979,FEMALE,61
subscribers_01980,FEMALE,36
subscribers_01981,MALE,50
subscribers_01982,FEMALE,22
subscribers_01983,MALE,59
subscribers_01984,MALE,62
subscribers_01985,MALE,48
subscribers_01986,FEMALE,31
subscribers_01987,FEMALE,27
subscribers_01988,FEMALE,18
subscribers_01989,MALE,53
subscribers_01990,MALE,82
subscribers_01991,FEMALE,33
subscribers_01992,MALE,73
subscribers_01993,MALE,51
subscribers_01994,FEMALE,76
subscribers_01995,MALE,34
subscribers_01996,FEMALE,30
subscribers_01997,FEMALE,18
subscribers_01998,FEMALE,32
subscribers_01999,FEMALE,56
subscribers_02000,MALE,40
subscribers_02001,MALE,53
subscribers_02002,FEMALE,31
subscribers_02003,MALE,43
subscribers_02004,FEMALE,35
subscribers_02005,FEMALE,56
subscribers_02006,FEMALE,80
subscribers_02007,FEMALE,41
subscribers_02008,MALE,32
subscribers_02009,FEMALE,81
subscribers_02010,MALE,42
subscribers_02011,MALE,35
subscribers_02012,FEMALE,19
subscribers_02013,MALE,80
subscribers_02014,FEMALE,38
subscribers_02015,FEMALE,39
subscribers_02016,FEMALE,31
subscribers_02017,MALE,62
subscribers_02018,FEMALE,29
subscribers_02019,FEMALE,63
subscribers_02020,MALE,57
subscribers_02021,MALE,28
subscribers_02022,MALE,69
subscribers_02023,MALE,76
subscribers_02024,MALE,22
subscribers_02025,MALE,46
subscribers_02026,MALE,17
subscribers_02027,MALE,44
subscribers_02028,FEMALE,44
subscribers_02029,FEMALE,32
subscribers_02030,MALE,54
subscribers_02031,FEMALE,29
subscribers_02032,FEMALE,77
subscribers_02033,FEMALE,83
subscribers_02034,MALE,37
subscribers_02035,MALE,47
subscribers_02036,FEMALE,65
subscribers_02037,FEMALE,81
subscribers_02038,FEMALE,17
subscribers_02039,FEMALE,77
subscribers_02040,MALE,69
subscribers_02041,MALE,84
subscribers_02042,FEMALE,59
subscribers_02043,FEMALE,15
subscribers_02044,FEMALE,73
subscribers_02045,MALE,42
subscribers_02046,FEMALE,32
subscribers_02047,FEMALE,63
subscribers_02048,FEMALE,30
subscribers_02049,FEMALE,71
subscribers_02050,MALE,27
subscribers_02051,MALE,62
subscribers_02052,MALE,18
subscribers_02053,MALE,35
subscribers_02054,MALE,26
subscribers_02055,FEMALE,21
subscribers_02056,MALE,42
subscribers_02057,MALE,75
subscribers_02058,FEMALE,30
subscribers_02059,FEMALE,55
subscribers_02060,MALE,50
subscribers_02061,MALE,42
subscribers_02062,MALE,49
subscribers_02063,FEMALE,67
subscribers_02064,MALE,36
subscribers_02065,MALE,51
subscribers_02066,MALE,69
subscribers_02067,FEMALE,28
subscribers_02068,MALE,20
subscribers_02069,FEMALE,35
subscribers_02070,MALE,32
subscribers_02071,MALE,63
subscribers_02072,MALE,28
subscribers_02073,FEMALE,18
subscribers_02074,FEMALE,16
subscribers_02075,MALE,23
subscribers_02076,FEMALE,29
subscribers_02077,MALE,37
subscribers_02078,FEMALE,63
subscribers_02079,MALE,70
subscribers_02080,FEMALE,35
subscribers_02081,FEMALE,41
subscribers_02082,FEMALE,51
subscribers_02083,MALE,38
subscribers_02084,MALE,72
subscribers_02085,FEMALE,66
subscribers_02086,MALE,70
subscribers_02087,FEMALE,31
subscribers_02088,FEMALE,30
subscribers_02089,MALE,62
subscribers_02090,MALE,16
subscribers_02091,FEMALE,37
subscribers_02092,FEMALE,28
subscribers_02093,FEMALE,66
subscribers_02094,FEMALE,31
subscribers_02095,MALE,67
subscribers_02096,FEMALE,28
subscribers_02097,FEMALE,18
subscribers_02098,FEMALE,28
subscribers_02099,FEMALE,38
subscribers_02100,MALE,80
subscribers_02101,FEMALE,66
subscribers_02102,FEMALE,31
subscribers_02103,FEMALE,33
subscribers_02104,MALE,41
subscribers_02105,FEMALE,40
subscribers_02106,MALE,67
subscribers_02107,FEMALE,37
subscribers_02108,FEMALE,22
subscribers_02109,FEMALE,47
subscribers_02110,FEMALE,80
subscribers_02111,MALE,84
subscribers_02112,FEMALE,59
subscribers_02113,FEMALE,18
subscribers_02114,FEMALE,20
subscribers_02115,FEMALE,22
subscribers_02116,FEMALE,21
subscribers_02117,FEMALE,46
subscribers_02118,FEMALE,41
subscribers_02119,FEMALE,21
subscribers_02120,FEMALE,78
subscribers_02121,MALE,21
subscribers_02122,FEMALE,42
subscribers_02123,FEMALE,36
subscribers_02124,MALE,67
subscribers_02125,FEMALE,57
subscribers_02126,FEMALE,51
subscribers_02127,MALE,38
subscribers_02128,MALE,42
subscribers_02129,MALE,72
subscribers_02130,FEMALE,25
subscribers_02131,MALE,26
subscribers_02132,FEMALE,69
subscribers_02133,FEMALE,36
subscribers_02134,MALE,64
subscribers_02135,FEMALE,37
subscribers_02136,MALE,19
subscribers_02137,MALE,37
subscribers_02138,MALE,34
subscribers_02139,MALE,54
subscribers_02140,MALE,82
subscribers_02141,FEMALE,49
subscribers_02142,FEMALE,74
subscribers_02143,FEMALE,56
subscribers_02144,FEMALE,22
subscribers_02145,FEMALE,21
subscribers_02146,FEMALE,33
subscribers_02147,MALE,59
subscribers_02148,FEMALE,73
subscribers_02149,FEMALE,80
subscribers_02150,MALE,21
subscribers_02151,MALE,19
subscribers_02152,FEMALE,57
subscribers_02153,MALE,43
subscribers_02154,MALE,26
subscribers_02155,MALE,36
subscribers_02156,MALE,63
subscribers_02157,MALE,32
subscribers_02158,MALE,48
subscribers_02159,FEMALE,39
subscribers_02160,FEMALE,72
subscribers_02161,FEMALE,53
subscribers_02162,MALE,82
subscribers_02163,FEMALE,32
subscribers_02164,FEMALE,37
subscribers_02165,MALE,54
subscribers_02166,FEMALE,24
subscribers_02167,FEMALE,43
subscribers_02168,FEMALE,61
subscribers_02169,MALE,30
subscribers_02170,FEMALE,36
subscribers_02171,FEMALE,23
subscribers_02172,FEMALE,71
subscribers_02173,MALE,31
subscribers_02174,FEMALE,33
subscribers_02175,MALE,72
subscribers_02176,MALE,63
subscribers_02177,FEMALE,37
subscribers_02178,FEMALE,69
subscribers_02179,FEMALE,18
subscribers_02180,FEMALE,65
subscribers_02181,MALE,47
subscribers_02182,FEMALE,35
subscribers_02183,MALE,30
subscribers_02184,FEMALE,25
subscribers_02185,FEMALE,39
subscribers_02186,FEMALE,54
subscribers_02187,FEMALE,39
subscribers_02188,FEMALE,39
subscribers_02189,MALE,60
subscribers_02190,FEMALE,73
subscribers_02191,FEMALE,85
subscribers_02192,FEMALE,69
subscribers_02193,FEMALE,73
subscribers_02194,MALE,65
subscribers_02195,FEMALE,37
subscribers_02196,MALE,69
subscribers_02197,MALE,77
subscribers_02198,FEMALE,22
subscribers_02199,FEMALE,56
subscribers_02200,FEMALE,26
subscribers_02201,MALE,50
subscribers_02202,FEMALE,31
subscribers_02203,MALE,85
subscribers_02204,MALE,23
subscribers_02205,MALE,80
subscribers_02206,FEMALE,31
subscribers_02207,MALE,19
subscribers_02208,MALE,31
subscribers_02209,MALE,48
subscribers_02210,FEMALE,31
subscribers_02211,FEMALE,81
subscribers_02212,FEMALE,54
subscribers_02213,MALE,58
subscribers_02214,FEMALE,77
subscribers_02215,MALE,58
subscribers_02216,MALE,80
subscribers_02217,MALE,35
subscribers_02218,MALE,71
subscribers_02219,MALE,48
subscribers_02220,MALE,82
subscribers_02221,MALE,37
subscribers_02222,MALE,19
subscribers_02223,MALE,16
subscribers_02224,FEMALE,22
subscribers_02225,MALE,68
subscribers_02226,FEMALE,18
subscribers_02227,MALE,15
subscribers_02228,MALE,61
subscribers_02229,FEMALE,71
subscribers_02230,FEMALE,39
subscribers_02231,MALE,49
subscribers_02232,MALE,18
subscribers_02233,MALE,20
subscribers_02234,MALE,52
subscribers_02235,MALE,72
subscribers_02236,FEMALE,34
subscribers_02237,MALE,55
subscribers_02238,FEMALE,24
subscribers_02239,FEMALE,65
subscribers_02240,FEMALE,35
subscribers_02241,MALE,84
subscribers_02242,FEMALE,76
subscribers_02243,MALE,72
subscribers_02244,MALE,78
subscribers_02245,FEMALE,54
subscribers_02246,MALE,78
subscribers_02247,MALE,32
subscribers_02248,MALE,32
subscribers_02249,MALE,43
subscribers_02250,MALE,35
subscribers_02251,MALE,39
subscribers_02252,MALE,36
subscribers_02253,FEMALE,49
subscribers_02254,FEMALE,53
subscribers_02255,FEMALE,56
subscribers_02256,MALE,44
subscribers_02257,MALE,50
subscribers_02258,FEMALE,29
subscribers_02259,FEMALE,27
subscribers_02260,MALE,53
subscribers_02261,MALE,17
subscribers_02262,FEMALE,62
subscribers_02263,MALE,37
subscribers_02264,FEMALE,47
subscribers_02265,MALE,76
subscribers_02266,MALE,22
subscribers_02267,FEMALE,43
subscribers_02268,FEMALE,72
subscribers_02269,MALE,67
subscribers_02270,MALE,49
subscribers_02271,FEMALE,43
subscribers_02272,MALE,53
subscribers_02273,MALE,66
subscribers_02274,FEMALE,60
subscribers_02275,MALE,62
subscribers_02276,MALE,44
subscribers_02277,FEMALE,68
subscribers_02278,MALE,39
subscribers_02279,FEMALE,23
subscribers_02280,MALE,51
subscribers_02281,MALE,40
subscribers_02282,MALE,28
subscribers_02283,FEMALE,51
subscribers_02284,MALE,24
subscribers_02285,FEMALE,36
subscribers_02286,MALE,58
subscribers_02287,FEMALE,23
subscribers_02288,MALE,43
subscribers_02289,FEMALE,21
subscribers_02290,MALE,29
subscribers_02291,MALE,22
subscribers_02292,FEMALE,50
subscribers_02293,FEMALE,74
subscribers_02294,MALE,39
subscribers_02295,MALE,69
subscribers_02296,FEMALE,75
subscribers_02297,MALE,22
subscribers_02298,MALE,45
subscribers_02299,FEMALE,61
subscribers_02300,FEMALE,81
subscribers_02301,FEMALE,46
subscribers_02302,FEMALE,52
subscribers_02303,MALE,59
subscribers_02304,MALE,20
subscribers_02305,FEMALE,59
subscribers_02306,FEMALE,67
subscribers_02307,MALE,49
subscribers_02308,MALE,41
subscribers_02309,FEMALE,74
subscribers_02310,MALE,32
subscribers_02311,MALE,37
subscribers_02312,FEMALE,84
subscribers_02313,FEMALE,30
subscribers_02314,MALE,75
subscribers_02315,MALE,39
subscribers_02316,MALE,42
subscribers_02317,FEMALE,64
subscribers_02318,MALE,74
subscribers_02319,FEMALE,35
subscribers_02320,MALE,35
subscribers_02321,FEMALE,37
subscribers_02322,FEMALE,25
subscribers_02323,MALE,38
subscribers_02324,MALE,81
subscribers_02325,MALE,38
subscribers_02326,FEMALE,73
subscribers_02327,FEMALE,78
subscribers_02328,MALE,23
subscribers_02329,MALE,17
subscribers_02330,MALE,45
subscribers_02331,MALE,17
subscribers_02332,MALE,46
subscribers_02333,FEMALE,39
subscribers_02334,FEMALE,74
subscribers_02335,MALE,41
subscribers_02336,MALE,59
subscribers_02337,FEMALE,55
subscribers_02338,MALE,18
subscribers_02339,FEMALE,40
subscribers_02340,FEMALE,78
subscribers_02341,MALE,46
subscribers_02342,FEMALE,79
subscribers_02343,MALE,46
subscribers_02344,FEMALE,30
subscribers_02345,MALE,76
subscribers_02346,FEMALE,63
subscribers_02347,FEMALE,70
subscribers_02348,FEMALE,79
subscribers_02349,MALE,22
subscribers_02350,FEMALE,26
subscribers_02351,FEMALE,26
subscribers_02352,MALE,31
subscribers_02353,MALE,71
subscribers_02354,MALE,17
subscribers_02355,MALE,24
subscribers_02356,MALE,65
subscribers_02357,MALE,48
subscribers_02358,FEMALE,17
subscribers_02359,MALE,59
subscribers_02360,MALE,40
subscribers_02361,MALE,62
subscribers_02362,MALE,34
subscribers_02363,MALE,76
subscribers_02364,MALE,68
subscribers_02365,MALE,65
subscribers_02366,FEMALE,43
subscribers_02367,MALE,33
subscribers_02368,FEMALE,19
subscribers_02369,MALE,52
subscribers_02370,FEMALE,56
subscribers_02371,FEMALE,63
subscribers_02372,MALE,64
subscribers_02373,MALE,77
subscribers_02374,MALE,64
subscribers_02375,MALE,42
subscribers_02376,FEMALE,17
subscribers_02377,MALE,20
subscribers_02378,MALE,68
subscribers_02379,FEMALE,60
subscribers_02380,FEMALE,64
subscribers_02381,FEMALE,32
subscribers_02382,MALE,22
subscribers_02383,FEMALE,49
subscribers_02384,MALE,62
subscribers_02385,MALE,45
subscribers_02386,FEMALE,39
subscribers_02387,MALE,45
subscribers_02388,MALE,81
subscribers_02389,FEMALE,36
subscribers_02390,MALE,46
subscribers_02391,FEMALE,64
subscribers_02392,MALE,43
subscribers_02393,FEMALE,42
subscribers_02394,MALE,30
subscribers_02395,MALE,17
subscribers_02396,MALE,67
subscribers_02397,FEMALE,24
subscribers_02398,MALE,80
subscribers_02399,FEMALE,30
subscribers_02400,FEMALE,35
subscribers_02401,MALE,72
subscribers_02402,MALE,60
subscribers_02403,MALE,81
subscribers_02404,FEMALE,16
subscribers_02405,MALE,44
subscribers_02406,MALE,20
subscribers_02407,MALE,38
subscribers_02408,FEMALE,81
subscribers_02409,MALE,39
subscribers_02410,MALE,68
subscribers_02411,FEMALE,19
subscribers_02412,MALE,27
subscribers_02413,MALE,57
subscribers_02414,FEMALE,41
subscribers_02415,FEMALE,42
subscribers_02416,MALE,42
subscribers_02417,MALE,22
subscribers_02418,FEMALE,27
subscribers_02419,MALE,53
subscribers_02420,FEMALE,43
subscribers_02421,FEMALE,67
subscribers_02422,MALE,72
subscribers_02423,MALE,25
subscribers_02424,FEMALE,75
subscribers_02425,FEMALE,78
subscribers_02426,MALE,82
subscribers_02427,MALE,70
subscribers_02428,FEMALE,17
subscribers_02429,FEMALE,33
subscribers_02430,FEMALE,82
subscribers_02431,MALE,38
subscribers_02432,FEMALE,57
subscribers_02433,FEMALE,78
subscribers_02434,FEMALE,72
subscribers_02435,MALE,64
subscribers_02436,MALE,17
subscribers_02437,MALE,46
subscribers_02438,MALE,42
subscribers_02439,FEMALE,37
subscribers_02440,MALE,65
subscribers_02441,MALE,60
subscribers_02442,FEMALE,28
subscribers_02443,FEMALE,42
subscribers_02444,FEMALE,69
subscribers_02445,FEMALE,67
subscribers_02446,MALE,71
subscribers_02447,MALE,45
subscribers_02448,FEMALE,73
subscribers_02449,FEMALE,52
subscribers_02450,FEMALE,84
subscribers_02451,MALE,55
subscribers_02452,MALE,17
subscribers_02453,MALE,64
subscribers_02454,FEMALE,56
subscribers_02455,FEMALE,38
subscribers_02456,MALE,34
subscribers_02457,MALE,80
subscribers_02458,FEMALE,73
subscribers_02459,FEMALE,76
subscribers_02460,FEMALE,35
subscribers_02461,MALE,46
subscribers_02462,MALE,30
subscribers_02463,FEMALE,58
subscribers_02464,MALE,61
subscribers_02465,FEMALE,55
subscribers_02466,MALE,41
subscribers_02467,FEMALE,21
subscribers_02468,MALE,16
subscribers_02469,FEMALE,38
subscribers_02470,MALE,29
subscribers_02471,MALE,45
subscribers_02472,MALE,31
subscribers_02473,MALE,25
subscribers_02474,FEMALE,43
subscribers_02475,MALE,84
subscribers_02476,MALE,51
subscribers_02477,FEMALE,53
subscribers_02478,FEMALE,36
subscribers_02479,FEMALE,54
subscribers_02480,MALE,76
subscribers_02481,FEMALE,64
subscribers_02482,FEMALE,64
subscribers_02483,FEMALE,80
subscribers_02484,FEMALE,69
subscribers_02485,FEMALE,15
subscribers_02486,FEMALE,55
subscribers_02487,MALE,55
subscribers_02488,FEMALE,22
subscribers_02489,FEMALE,68
subscribers_02490,MALE,42
subscribers_02491,FEMALE,72
subscribers_02492,FEMALE,34
subscribers_02493,FEMALE,23
subscribers_02494,FEMALE,59
subscribers_02495,FEMALE,79
subscribers_02496,MALE,75
subscribers_02497,FEMALE,83
subscribers_02498,MALE,70
subscribers_02499,FEMALE,46
subscribers_02500,FEMALE,21
subscribers_02501,FEMALE,49
subscribers_02502,MALE,67
subscribers_02503,MALE,18
subscribers_02504,MALE,49
subscribers_02505,MALE,33
subscribers_02506,FEMALE,81
subscribers_02507,MALE,59
subscribers_02508,FEMALE,18
subscribers_02509,FEMALE,41
subscribers_02510,FEMALE,75
subscribers_02511,MALE,55
subscribers_02512,MALE,72
subscribers_02513,FEMALE,51
subscribers_02514,MALE,32
subscribers_02515,FEMALE,45
subscribers_02516,MALE,38
subscribers_02517,MALE,70
subscribers_02518,MALE,56
subscribers_02519,FEMALE,34
subscribers_02520,FEMALE,18
subscribers_02521,FEMALE,33
subscribers_02522,FEMALE,43
subscribers_02523,MALE,29
subscribers_02524,FEMALE,68
subscribers_02525,FEMALE,61
subscribers_02526,MALE,27
subscribers_02527,FEMALE,25
subscribers_02528,MALE,67
subscribers_02529,MALE,77
subscribers_02530,FEMALE,39
subscribers_02531,FEMALE,45
subscribers_02532,FEMALE,16
subscribers_02533,MALE,33
subscribers_02534,MALE,42
subscribers_02535,MALE,28
subscribers_02536,MALE,59
subscribers_02537,FEMALE,50
subscribers_02538,FEMALE,54
subscribers_02539,MALE,72
subscribers_02540,MALE,39
subscribers_02541,MALE,84
subscribers_02542,FEMALE,75
subscribers_02543,MALE,18
subscribers_02544,FEMALE,36
subscribers_02545,MALE,45
subscribers_02546,FEMALE,71
subscribers_02547,MALE,41
subscribers_02548,MALE,26
subscribers_02549,MALE,58
subscribers_02550,FEMALE,56
subscribers_02551,FEMALE,35
subscribers_02552,MALE,30
subscribers_02553,FEMALE,23
subscribers_02554,MALE,32
subscribers_02555,MALE,38
subscribers_02556,FEMALE,72
subscribers_02557,MALE,20
subscribers_02558,MALE,36
subscribers_02559,FEMALE,37
subscribers_02560,FEMALE,27
subscribers_02561,MALE,62
subscribers_02562,MALE,54
subscribers_02563,FEMALE,26
subscribers_02564,MALE,16
subscribers_02565,FEMALE,42
subscribers_02566,MALE,27
subscribers_02567,FEMALE,58
subscribers_02568,FEMALE,78
subscribers_02569,FEMALE,77
subscribers_02570,FEMALE,31
subscribers_02571,FEMALE,30
subscribers_02572,FEMALE,47
subscribers_02573,MALE,26
subscribers_02574,FEMALE,16
subscribers_02575,FEMALE,57
subscribers_02576,FEMALE,28
subscribers_02577,FEMALE,24
subscribers_02578,FEMALE,25
subscribers_02579,FEMALE,20
subscribers_02580,FEMALE,75
subscribers_02581,FEMALE,33
subscribers_02582,FEMALE,68
subscribers_02583,MALE,21
subscribers_02584,MALE,79
subscribers_02585,FEMALE,79
subscribers_02586,FEMALE,52
subscribers_02587,FEMALE,30
subscribers_02588,MALE,50
subscribers_02589,MALE,67
subscribers_02590,MALE,76
subscribers_02591,MALE,22
subscribers_02592,FEMALE,74
subscribers_02593,MALE,49
subscribers_02594,FEMALE,63
subscribers_02595,MALE,46
subscribers_02596,FEMALE,40
subscribers_02597,FEMALE,41
subscribers_02598,FEMALE,63
subscribers_02599,FEMALE,65
subscribers_02600,MALE,33
subscribers_02601,FEMALE,55
subscribers_02602,MALE,54
subscribers_02603,MALE,39
subscribers_02604,MALE,34
subscribers_02605,MALE,30
subscribers_02606,FEMALE,23
subscribers_02607,MALE,47
subscribers_02608,MALE,75
subscribers_02609,MALE,47
subscribers_02610,MALE,70
subscribers_02611,MALE,32
subscribers_02612,MALE,81
subscribers_02613,MALE,75
subscribers_02614,MALE,21
subscribers_02615,MALE,37
subscribers_02616,MALE,53
subscribers_02617,FEMALE,24
subscribers_02618,FEMALE,70
subscribers_02619,MALE,79
subscribers_02620,FEMALE,73
subscribers_02621,MALE,81
subscribers_02622,FEMALE,84
subscribers_02623,MALE,35
subscribers_02624,MALE,64
subscribers_02625,FEMALE,82
subscribers_02626,FEMALE,62
subscribers_02627,FEMALE,66
subscribers_02628,FEMALE,59
subscribers_02629,FEMALE,41
subscribers_02630,FEMALE,71
subscribers_02631,FEMALE,39
subscribers_02632,MALE,45
subscribers_02633,MALE,44
subscribers_02634,MALE,20
subscribers_02635,MALE,28
subscribers_02636,FEMALE,44
subscribers_02637,FEMALE,33
subscribers_02638,MALE,82
subscribers_02639,FEMALE,29
subscribers_02640,FEMALE,29
subscribers_02641,MALE,55
subscribers_02642,MALE,26
subscribers_02643,FEMALE,46
subscribers_02644,FEMALE,75
subscribers_02645,MALE,75
subscribers_02646,FEMALE,36
subscribers_02647,MALE,41
subscribers_02648,FEMALE,35
subscribers_02649,MALE,19
subscribers_02650,MALE,28
subscribers_02651,MALE,57
subscribers_02652,FEMALE,31
subscribers_02653,MALE,70
subscribers_02654,MALE,36
subscribers_02655,FEMALE,70
subscribers_02656,MALE,75
subscribers_02657,MALE,38
subscribers_02658,FEMALE,42
subscribers_02659,MALE,46
subscribers_02660,FEMALE,32
subscribers_02661,FEMALE,25
subscribers_02662,FEMALE,48
subscribers_02663,FEMALE,38
subscribers_02664,FEMALE,46
subscribers_02665,FEMALE,36
subscribers_02666,MALE,57
subscribers_02667,FEMALE,50
subscribers_02668,FEMALE,26
subscribers_02669,MALE,70
subscribers_02670,MALE,48
subscribers_02671,MALE,78
subscribers_02672,MALE,58
subscribers_02673,FEMALE,75
subscribers_02674,FEMALE,45
subscribers_02675,MALE,69
subscribers_02676,FEMALE,56
subscribers_02677,MALE,54
subscribers_02678,MALE,34
subscribers_02679,MALE,54
subscribers_02680,FEMALE,56
subscribers_02681,FEMALE,72
subscribers_02682,MALE,79
subscribers_02683,FEMALE,83
subscribers_02684,MALE,62
subscribers_02685,FEMALE,45
subscribers_02686,FEMALE,62
subscribers_02687,FEMALE,71
subscribers_02688,MALE,70
subscribers_02689,FEMALE,64
subscribers_02690,MALE,31
subscribers_02691,FEMALE,18
subscribers_02692,MALE,61
subscribers_02693,FEMALE,18
subscribers_02694,FEMALE,61
subscribers_02695,MALE,41
subscribers_02696,MALE,66
subscribers_02697,FEMALE,35
subscribers_02698,MALE,83
subscribers_02699,FEMALE,29
subscribers_02700,FEMALE,59
subscribers_02701,FEMALE,41
subscribers_02702,MALE,62
subscribers_02703,FEMALE,66
subscribers_02704,MALE,80
subscribers_02705,MALE,70
subscribers_02706,MALE,73
subscribers_02707,MALE,31
subscribers_02708,FEMALE,64
subscribers_02709,FEMALE,16
subscribers_02710,MALE,58
subscribers_02711,MALE,71
subscribers_02712,FEMALE,73
subscribers_02713,MALE,80
subscribers_02714,FEMALE,37
subscribers_02715,MALE,25
subscribers_02716,FEMALE,68
subscribers_02717,FEMALE,75
subscribers_02718,FEMALE,35
subscribers_02719,FEMALE,82
subscribers_02720,FEMALE,38
subscribers_02721,MALE,41
subscribers_02722,MALE,29
subscribers_02723,MALE,40
subscribers_02724,MALE,84
subscribers_02725,FEMALE,40
subscribers_02726,MALE,83
subscribers_02727,FEMALE,73
subscribers_02728,FEMALE,50
subscribers_02729,MALE,46
subscribers_02730,FEMALE,85
subscribers_02731,MALE,39
subscribers_02732,FEMALE,50
subscribers_02733,FEMALE,77
subscribers_02734,FEMALE,44
subscribers_02735,FEMALE,30
subscribers_02736,FEMALE,74
subscribers_02737,FEMALE,17
subscribers_02738,FEMALE,34
subscribers_02739,MALE,23
subscribers_02740,MALE,31
subscribers_02741,FEMALE,18
subscribers_02742,FEMALE,36
subscribers_02743,MALE,62
subscribers_02744,MALE,17
subscribers_02745,MALE,60
subscribers_02746,MALE,32
subscribers_02747,MALE,34
subscribers_02748,FEMALE,34
subscribers_02749,MALE,71
subscribers_02750,FEMALE,33
subscribers_02751,MALE,83
subscribers_02752,MALE,48
subscribers_02753,MALE,45
subscribers_02754,FEMALE,44
subscribers_02755,MALE,39
subscribers_02756,MALE,57
subscribers_02757,MALE,24
subscribers_02758,FEMALE,66
subscribers_02759,FEMALE,65
subscribers_02760,FEMALE,36
subscribers_02761,MALE,75
subscribers_02762,MALE,77
subscribers_02763,FEMALE,53
subscribers_02764,MALE,54
subscribers_02765,FEMALE,36
subscribers_02766,MALE,49
subscribers_02767,MALE,19
subscribers_02768,MALE,68
subscribers_02769,MALE,18
subscribers_02770,FEMALE,20
subscribers_02771,FEMALE,42
subscribers_02772,MALE,58
subscribers_02773,FEMALE,28
subscribers_02774,FEMALE,26
subscribers_02775,FEMALE,53
subscribers_02776,MALE,69
subscribers_02777,FEMALE,25
subscribers_02778,FEMALE,61
subscribers_02779,MALE,39
subscribers_02780,FEMALE,78
subscribers_02781,MALE,69
subscribers_02782,MALE,58
subscribers_02783,FEMALE,43
subscribers_02784,MALE,49
subscribers_02785,MALE,84
subscribers_02786,FEMALE,59
subscribers_02787,FEMALE,84
subscribers_02788,MALE,69
subscribers_02789,MALE,47
subscribers_02790,MALE,35
subscribers_02791,MALE,21
subscribers_02792,FEMALE,72
subscribers_02793,FEMALE,51
subscribers_02794,MALE,29
subscribers_02795,MALE,50
subscribers_02796,FEMALE,70
subscribers_02797,MALE,32
subscribers_02798,MALE,84
subscribers_02799,MALE,48
subscribers_02800,FEMALE,57
subscribers_02801,MALE,28
subscribers_02802,MALE,77
subscribers_02803,FEMALE,46
subscribers_02804,MALE,85
subscribers_02805,MALE,63
subscribers_02806,MALE,63
subscribers_02807,MALE,66
subscribers_02808,MALE,31
subscribers_02809,MALE,55
subscribers_02810,MALE,16
subscribers_02811,MALE,18
subscribers_02812,MALE,32
subscribers_02813,MALE,79
subscribers_02814,MALE,52
subscribers_02815,MALE,25
subscribers_02816,MALE,64
subscribers_02817,FEMALE,60
subscribers_02818,MALE,75
subscribers_02819,MALE,18
subscribers_02820,FEMALE,68
subscribers_02821,FEMALE,73
subscribers_02822,FEMALE,27
subscribers_02823,MALE,49
subscribers_02824,MALE,84
subscribers_02825,FEMALE,73
subscribers_02826,FEMALE,54
subscribers_02827,FEMALE,25
subscribers_02828,FEMALE,75
subscribers_02829,FEMALE,78
subscribers_02830,FEMALE,34
subscribers_02831,MALE,73
subscribers_02832,FEMALE,85
subscribers_02833,MALE,33
subscribers_02834,MALE,52
subscribers_02835,MALE,77
subscribers_02836,MALE,49
subscribers_02837,FEMALE,53
subscribers_02838,MALE,25
subscribers_02839,MALE,54
subscribers_02840,MALE,49
subscribers_02841,MALE,31
subscribers_02842,FEMALE,44
subscribers_02843,FEMALE,58
subscribers_02844,FEMALE,75
subscribers_02845,FEMALE,40
subscribers_02846,FEMALE,44
subscribers_02847,MALE,76
subscribers_02848,FEMALE,34
subscribers_02849,MALE,33
subscribers_02850,FEMALE,51
subscribers_02851,MALE,76
subscribers_02852,MALE,27
subscribers_02853,MALE,36
subscribers_02854,FEMALE,56
subscribers_02855,MALE,78
subscribers_02856,FEMALE,42
subscribers_02857,MALE,61
subscribers_02858,FEMALE,76
subscribers_02859,FEMALE,42
subscribers_02860,MALE,45
subscribers_02861,FEMALE,69
subscribers_02862,FEMALE,73
subscribers_02863,MALE,33
subscribers_02864,MALE,28
subscribers_02865,FEMALE,20
subscribers_02866,FEMALE,45
subscribers_02867,MALE,81
subscribers_02868,MALE,47
subscribers_02869,MALE,20
subscribers_02870,MALE,77
subscribers_02871,MALE,17
subscribers_02872,MALE,24
subscribers_02873,FEMALE,38
subscribers_02874,MALE,32
subscribers_02875,MALE,34
subscribers_02876,MALE,65
subscribers_02877,MALE,80
subscribers_02878,MALE,28
subscribers_02879,FEMALE,25
subscribers_02880,FEMALE,37
subscribers_02881,FEMALE,39
subscribers_02882,MALE,79
subscribers_02883,FEMALE,45
subscribers_02884,FEMALE,53
subscribers_02885,MALE,49
subscribers_02886,FEMALE,37
subscribers_02887,FEMALE,57
subscribers_02888,MALE,80
subscribers_02889,MALE,31
subscribers_02890,FEMALE,46
subscribers_02891,FEMALE,27
subscribers_02892,MALE,76
subscribers_02893,MALE,55
subscribers_02894,FEMALE,27
subscribers_02895,FEMALE,63
subscribers_02896,FEMALE,80
subscribers_02897,FEMALE,40
subscribers_02898,FEMALE,46
subscribers_02899,MALE,71
subscribers_02900,FEMALE,39
subscribers_02901,FEMALE,28
subscribers_02902,FEMALE,60
subscribers_02903,FEMALE,48
subscribers_02904,MALE,54
subscribers_02905,FEMALE,53
subscribers_02906,MALE,44
subscribers_02907,MALE,16
subscribers_02908,MALE,18
subscribers_02909,MALE,39
subscribers_02910,FEMALE,41
subscribers_02911,FEMALE,34
subscribers_02912,FEMALE,63
subscribers_02913,FEMALE,22
subscribers_02914,MALE,68
subscribers_02915,MALE,34
subscribers_02916,FEMALE,66
subscribers_02917,MALE,24
subscribers_02918,FEMALE,50
subscribers_02919,FEMALE,52
subscribers_02920,FEMALE,28
subscribers_02921,FEMALE,67
subscribers_02922,FEMALE,31
subscribers_02923,MALE,67
subscribers_02924,MALE,41
subscribers_02925,MALE,80
subscribers_02926,FEMALE,46
subscribers_02927,FEMALE,78
subscribers_02928,FEMALE,32
subscribers_02929,MALE,60
subscribers_02930,FEMALE,82
subscribers_02931,MALE,41
subscribers_02932,MALE,25
subscribers_02933,FEMALE,19
subscribers_02934,MALE,31
subscribers_02935,FEMALE,65
subscribers_02936,FEMALE,82
subscribers_02937,MALE,38
subscribers_02938,MALE,39
subscribers_02939,MALE,43
subscribers_02940,FEMALE,36
subscribers_02941,MALE,67
subscribers_02942,MALE,54
subscribers_02943,MALE,81
subscribers_02944,FEMALE,79
subscribers_02945,MALE,48
subscribers_02946,FEMALE,57
subscribers_02947,FEMALE,21
subscribers_02948,MALE,54
subscribers_02949,FEMALE,74
subscribers_02950,MALE,39
subscribers_02951,FEMALE,32
subscribers_02952,FEMALE,26
subscribers_02953,MALE,39
subscribers_02954,FEMALE,65
subscribers_02955,FEMALE,81
subscribers_02956,FEMALE,79
subscribers_02957,FEMALE,53
subscribers_02958,MALE,59
subscribers_02959,MALE,23
subscribers_02960,FEMALE,36
subscribers_02961,FEMALE,76
subscribers_02962,MALE,50
subscribers_02963,FEMALE,47
subscribers_02964,FEMALE,71
subscribers_02965,MALE,17
subscribers_02966,FEMALE,19
subscribers_02967,MALE,17
subscribers_02968,MALE,54
subscribers_02969,MALE,51
subscribers_02970,FEMALE,19
subscribers_02971,MALE,47
subscribers_02972,MALE,43
subscribers_02973,FEMALE,44
subscribers_02974,MALE,41
subscribers_02975,FEMALE,32
subscribers_02976,MALE,50
subscribers_02977,MALE,30
subscribers_02978,MALE,50
subscribers_02979,MALE,19
subscribers_02980,FEMALE,74
subscribers_02981,MALE,81
subscribers_02982,MALE,38
subscribers_02983,FEMALE,32
subscribers_02984,MALE,83
subscribers_02985,FEMALE,60
subscribers_02986,MALE,34
subscribers_02987,FEMALE,80
subscribers_02988,MALE,40
subscribers_02989,FEMALE,16
subscribers_02990,FEMALE,69
subscribers_02991,FEMALE,73
subscribers_02992,FEMALE,43
subscribers_02993,MALE,77
subscribers_02994,FEMALE,84
subscribers_02995,FEMALE,37
subscribers_02996,MALE,83
subscribers_02997,FEMALE,61
subscribers_02998,FEMALE,55
subscribers_02999,FEMALE,50
